season,team,position,depth_chart_position,jersey_number,status,full_name,first_name,last_name,birth_date,height,weight,college,gsis_id,espn_id,sportradar_id,yahoo_id,rotowire_id,pff_id,pfr_id,fantasy_data_id,sleeper_id,years_exp,headshot_url
1954,BAL,DB,DB,0,ACT,Tom Keane,Thomas,Keane,1926-09-07,73,196,Northern Colorado,,,,,,,,,,7,"https://static.www.nfl.com/image/private/f_auto,q_auto/league/trfvdsfjbsdfsloxviki"
1954,BAL,DB,DB,0,ACT,Bob Leberman,Robert,Leberman,1932-02-10,73,180,Northern Colorado,,,,,,,,,,0,"https://static.www.nfl.com/image/private/f_auto,q_auto/league/kkyyqxwegqd7j6lr7o8k"
1954,BAL,DB,DB,0,ACT,Jimmy Lesane,James,Lesane,1930-03-08,70,176,Northern Colorado,,,,,,,,,,2,"https://static.www.nfl.com/image/private/f_auto,q_auto/league/txoky2yetl7qsec1eend"
1954,BAL,DB,DB,0,ACT,Chuck McMillan,Charles,McMillan,1931-11-16,75,175,Northern Colorado,,,,,,,,,,0,"https://static.www.nfl.com/image/private/f_auto,q_auto/league/axl7xpcm5nzet1dutxja"
1954,BAL,DB,DB,0,ACT,Bert Rechichar,Albert,Rechichar,1930-07-16,73,210,Northern Colorado,,,,,,,,,,3,"https://static.www.nfl.com/image/private/f_auto,q_auto/league/benewptbaqgafqn5letm"
1954,BAL,DB,DB,0,ACT,Don Shula,Donald,Shula,1930-01-04,71,190,Northern Colorado,,,,,,,,,,4,"https://static.www.nfl.com/image/private/f_auto,q_auto/league/uowpoq7mptu6rdu21m8l"
1954,BAL,DB,DB,0,ACT,Carl Taseff,Carl,Taseff,1928-09-28,71,195,Northern Colorado,,,,,,,,,,3,"https://static.www.nfl.com/image/private/f_auto,q_auto/league/wtf3vjveb7jjlmf9w8dz"
1954,BAL,DL,E,0,ACT,Jack Bighead,John,Bighead,1930-04-23,75,215,Northern Colorado,,,,,,,,,,0,"https://static.www.nfl.com/image/private/f_auto,q_auto/league/ji0k8xopiwpsdkg0btlo"
1954,BAL,DL,DT,0,ACT,Joe Campanella,Joseph,Campanella,1930-09-03,74,245,Northern Colorado,,,,,,,,,,3,"https://static.www.nfl.com/image/private/f_auto,q_auto/league/jhiee7ceqclzychcbwvc"
1954,BAL,DL,E,0,ACT,Lloyd Colteryahn,Lloyd,Colteryahn,1931-08-26,74,220,Northern Colorado,,,,,,,,,,0,"https://static.www.nfl.com/image/private/f_auto,q_auto/league/nndg5y8vpfuvu5uu5h7x"
1954,BAL,DL,DT,0,ACT,Art Donovan,Arthur,Donovan,1924-06-05,74,270,Northern Colorado,,,,,,,,,,5,"https://static.www.nfl.com/image/private/f_auto,q_auto/league/q9guva67l3jjeldhu4n6"
1954,BAL,DL,E,0,ACT,Dan Edwards,Dan,Edwards,1926-07-18,73,197,Northern Colorado,,,,,,,,,,5,"https://static.www.nfl.com/image/private/f_auto,q_auto/league/fwo4azmtbljxfuoij77u"
1954,BAL,DL,DT,0,ACT,Tom Finnin,Thomas,Finnin,1927-09-28,74,255,Northern Colorado,,,,,,,,,,2,"https://static.www.nfl.com/image/private/f_auto,q_auto/league/z2j6hopwfzainabj9sck"
1954,BAL,DL,DE,0,ACT,Don Joyce,Donald,Joyce,1929-10-08,75,275,Northern Colorado,,,,,,,,,,4,"https://static.www.nfl.com/image/private/f_auto,q_auto/league/xco1wcqmd7wh9esplp2e"
1954,BAL,DL,DE,0,ACT,Bob Langas,Robert,Langas,1930-01-22,76,230,Northern Colorado,,,,,,,,,,0,"https://static.www.nfl.com/image/private/f_auto,q_auto/league/zeuixecm4fotm2prulwh"
1954,BAL,DL,DE,0,ACT,Gino Marchetti,Gino,Marchetti,1927-01-02,76,245,Northern Colorado,,,,,,,,,,3,"https://static.www.nfl.com/image/private/f_auto,q_auto/league/ptcnzmt8pzrxw0gboefa"
1954,BAL,DL,E,0,ACT,Jim Mutscheller,James,Mutscheller,1930-03-31,73,205,Northern Colorado,,,,,,,,,,0,"https://static.www.nfl.com/image/private/f_auto,q_auto/league/oyfiufgkiig51r2kymxy"
1954,BAL,LB,LB,0,ACT,Doug Eggers,Douglas,Eggers,1930-09-21,72,214,Northern Colorado,,,,,,,,,,0,"https://static.www.nfl.com/image/private/f_auto,q_auto/league/pntd5rhoiwtabajbc8id"
1954,BAL,LB,LB,0,ACT,Bill Pellington,William,Pellington,1927-09-25,74,238,Northern Colorado,,,,,,,,,,2,"https://static.www.nfl.com/image/private/f_auto,q_auto/league/gcxgmwy5xyiuxwfwfxtb"
1954,BAL,LB,LB,0,ACT,Charley Robinson,Charles,Robinson,1927-05-30,71,240,Northern Colorado,,,,,,,,,,2,"https://static.www.nfl.com/image/private/f_auto,q_auto/league/cul92s9azsexxe2bmmkq"
1954,BAL,OL,G,0,ACT,Dick Barwegan,Richard,Barwegan,1921-12-25,73,227,Northern Colorado,,,,,,,,,,5,"https://static.www.nfl.com/image/private/f_auto,q_auto/league/cbjhgspxgfkcbt7jzoan"
1954,BAL,OL,OT,0,ACT,Ernie Cheatham,Ernest,Cheatham,1929-07-26,76,255,Northern Colorado,,,,,,,,,,0,"https://static.www.nfl.com/image/private/f_auto,q_auto/league/htjs2qvhp6l2saylggtu"
1954,BAL,OL,OT,0,ACT,Ken Jackson,Kenneth,Jackson,1929-04-26,74,235,Northern Colorado,,,,,,,,,,3,"https://static.www.nfl.com/image/private/f_auto,q_auto/league/pj8lmav3ydzt6qgaatqt"
1954,BAL,OL,OT,0,ACT,Jack Little,Jack,Little,1931-12-31,76,235,Northern Colorado,,,,,,,,,,2,"https://static.www.nfl.com/image/private/f_auto,q_auto/league/kb9svexdpossxfd03cmw"
1954,BAL,OL,C,0,ACT,Buzz Nutter,Madison,Nutter,1931-02-16,76,235,Northern Colorado,,,,,,,,,,0,"https://static.www.nfl.com/image/private/f_auto,q_auto/league/q6yk44jlyfnmwzoijfkg"
1954,BAL,OL,G,0,ACT,Gene Pepper,Eugene,Pepper,1927-09-22,74,239,Northern Colorado,,,,,,,,,,5,"https://static.www.nfl.com/image/private/f_auto,q_auto/league/s3n225qeay1pd0hyadpl"
1954,BAL,OL,OT,0,ACT,George Radosevich,George,Radosevich,1928-01-25,74,230,Northern Colorado,,,,,,,,,,0,"https://static.www.nfl.com/image/private/f_auto,q_auto/league/rt5cbkmd8fkdawbyfbpu"
1954,BAL,OL,OT,0,ACT,Jim Raiff,James,Raiff,1930-12-21,70,235,Northern Colorado,,,,,,,,,,0,"https://static.www.nfl.com/image/private/f_auto,q_auto/league/wj5wapbb3tmdiaiedko3"
1954,BAL,OL,G,0,ACT,Alex Sandusky,Alexander,Sandusky,1932-08-17,73,242,Northern Colorado,,,,,,,,,,0,"https://static.www.nfl.com/image/private/f_auto,q_auto/league/yuld73wfruozbsefffcb"
1954,BAL,OL,G,0,ACT,Art Spinney,Arthur,Spinney,1927-11-08,72,230,Northern Colorado,,,,,,,,,,3,"https://static.www.nfl.com/image/private/f_auto,q_auto/league/c5zayulj0xf1twbfs4kn"
1954,BAL,QB,QB,0,ACT,Cotton Davidson,Francis,Davidson,1931-11-30,73,188,Northern Colorado,,,,,,,,,,0,"https://static.www.nfl.com/image/private/f_auto,q_auto/league/d4nq3wxviep0flusanw7"
1954,BAL,QB,QB,0,ACT,Fred Enke,Frederick,Enke,1924-12-15,73,208,Northern Colorado,,,,,,,,,,7,"https://static.www.nfl.com/image/private/f_auto,q_auto/league/lkzyuablf8x6n669gox0"
1954,BAL,QB,QB,0,ACT,Gary Kerkorian,Gary,Kerkorian,1930-01-14,71,185,Northern Colorado,,,,,,,,,,2,"https://static.www.nfl.com/image/private/f_auto,q_auto/league/eztp7mnr1jcoibdqxavs"
1954,BAL,RB,FB,0,ACT,John Huzvar,John,Huzvar,1929-08-06,76,247,Northern Colorado,,,,,,,,,,3,"https://static.www.nfl.com/image/private/f_auto,q_auto/league/zzq5me4sa5hnjo8ssjkr"
1954,BAL,RB,HB,0,ACT,George Taliaferro,George,Taliaferro,1927-01-08,71,196,Northern Colorado,,,,,,,,,,5,"https://static.www.nfl.com/image/private/f_auto,q_auto/league/elvlhbhxogpwdiaaevqc"
1954,BAL,RB,FB,0,ACT,Zollie Toth,Zollie,Toth,1924-01-26,74,219,Northern Colorado,,,,,,,,,,4,"https://static.www.nfl.com/image/private/f_auto,q_auto/league/yc3lrmyj0mumdkxjoxlc"
1954,BAL,RB,HB,0,ACT,Royce Womble,Royce,Womble,1931-08-12,72,185,Northern Colorado,,,,,,,,,,0,"https://static.www.nfl.com/image/private/f_auto,q_auto/league/ouhue2u3ffniamfqscmd"
1954,BAL,RB,HB,0,ACT,Buddy Young,Claude,Young,1926-01-05,64,175,Northern Colorado,,,,,,,,,,5,"https://static.www.nfl.com/image/private/f_auto,q_auto/league/umzmrb0qs6tmhyciel1y"
1954,BAL,,,0,ACT,Sisto Averno,Sisto,Averno,1925-05-12,71,235,Northern Colorado,,,,,,,,,,5,"https://static.www.nfl.com/image/private/f_auto,q_auto/league/w3uijlxppvg4m9kcdrro"
1954,CHB,DB,DB,0,TRT,Jimmy Lesane,James,Lesane,1930-03-08,70,176,Northern Colorado,,,,,,,,,,2,"https://static.www.nfl.com/image/private/f_auto,q_auto/league/txoky2yetl7qsec1eend"
1954,CHB,DB,DB,0,ACT,Lloyd Lowe,Lloyd,Lowe,1928-12-18,70,155,Northern Colorado,,,,,,,,,,2,"https://static.www.nfl.com/image/private/f_auto,q_auto/league/lhlphup7lrf61ppbmwci"
1954,CHB,DB,DB,0,ACT,McNeil Moore,Ernest,Moore,1933-06-26,72,185,Northern Colorado,,,,,,,,,,0,"https://static.www.nfl.com/image/private/f_auto,q_auto/league/lwvvpp5rngkagbuhfvbi"
1954,CHB,DB,DB,0,ACT,Ray Gene Smith,Ray,Smith,1928-11-27,70,188,Northern Colorado,,,,,,,,,,0,"https://static.www.nfl.com/image/private/f_auto,q_auto/league/x4enrfhmgmas0ckeiuc7"
1954,CHB,DB,DB,0,ACT,Stan Wallace,Stanley,Wallace,1931-11-15,75,204,Northern Colorado,,,,,,,,,,0,"https://static.www.nfl.com/image/private/f_auto,q_auto/league/yvf21hawvd90manjlwfq"
1954,CHB,DB,DB,0,ACT,S.J. Whitman,Laverne,Whitman,1926-08-17,71,185,Northern Colorado,,,,,,,,,,4,"https://static.www.nfl.com/image/private/f_auto,q_auto/league/psa9fh6c8zns8ct3am9c"
1954,CHB,DL,DT,0,ACT,Bill Bishop,William,Bishop,1931-05-08,76,248,Northern Colorado,,,,,,,,,,3,"https://static.www.nfl.com/image/private/f_auto,q_auto/league/wlqj0ytr7x8djtf9q8ei"
1954,CHB,DL,DE,0,ACT,Larry Brink,Lawrence,Brink,1923-09-12,77,235,Northern Colorado,,,,,,,,,,7,"https://static.www.nfl.com/image/private/f_auto,q_auto/league/npzd9y06iniij3q8gxqt"
1954,CHB,DL,E,0,ACT,Ted Daffer,Terrell,Daffer,1929-09-24,72,198,Northern Colorado,,,,,,,,,,0,"https://static.www.nfl.com/image/private/f_auto,q_auto/league/lswjzahgabuxkkmif9es"
1954,CHB,DL,E,0,ACT,Jim Dooley,James,Dooley,1930-02-08,76,198,Northern Colorado,,,,,,,,,,3,"https://static.www.nfl.com/image/private/f_auto,q_auto/league/pujxwubtcmxbvsgwirwe"
1954,CHB,DL,E,0,ACT,Harlon Hill,Harlon,Hill,1932-05-04,75,200,Northern Colorado,,,,,,,,,,0,"https://static.www.nfl.com/image/private/f_auto,q_auto/league/kanzsu0o6r9m0mjm1zpo"
1954,CHB,DL,DT,0,ACT,Stan Jones,Stanley,Jones,1931-11-24,73,250,Northern Colorado,,,,,,,,,,0,"https://static.www.nfl.com/image/private/f_auto,q_auto/league/zsdzstr4mxivalcumbwi"
1954,CHB,DL,DT,0,ACT,John Kreamcheck,John,Kreamcheck,1926-01-07,77,255,Northern Colorado,,,,,,,,,,2,"https://static.www.nfl.com/image/private/f_auto,q_auto/league/kt17nqjgn453d2dzcyjf"
1954,CHB,DL,E,0,ACT,Bill McColl,William,McColl,1930-04-02,76,230,Northern Colorado,,,,,,,,,,3,"https://static.www.nfl.com/image/private/f_auto,q_auto/league/c7ejkcsgkpgmnfinibv2"
1954,CHB,DL,DE,0,ACT,Ed Meadows,Edward,Meadows,1932-02-19,74,220,Northern Colorado,,,,,,,,,,0,"https://static.www.nfl.com/image/private/f_auto,q_auto/league/vbz0tybc3sxkcevxwqrc"
1954,CHB,DL,E,0,ACT,Gene Schroeder,Eugene,Schroeder,1929-03-03,75,190,Northern Colorado,,,,,,,,,,3,"https://static.www.nfl.com/image/private/f_auto,q_auto/league/hajf6ucrytsd9ssumaxc"
1954,CHB,DL,DE,0,ACT,Ed Sprinkle,Edward,Sprinkle,1923-09-03,73,207,Northern Colorado,,,,,,,,,,11,"https://static.www.nfl.com/image/private/f_auto,q_auto/league/frfmjyhltqbsnrtjtbef"
1954,CHB,DL,DE,0,ACT,Bill Wightkin,William,Wightkin,1927-07-28,75,233,Northern Colorado,,,,,,,,,,5,"https://static.www.nfl.com/image/private/f_auto,q_auto/league/zcupp3vgtvuyfsy7pvkm"
1954,CHB,DL,DT,0,ACT,Fred Williams,Fred,Williams,1929-02-08,76,256,Northern Colorado,,,,,,,,,,3,"https://static.www.nfl.com/image/private/f_auto,q_auto/league/blqbuj5dlmuqssxysmze"
1954,CHB,LB,LB,0,ACT,Bill George,William,George,1929-10-27,74,235,Northern Colorado,,,,,,,,,,3,"https://static.www.nfl.com/image/private/f_auto,q_auto/league/b1aezdqllvhx71dcurkc"
1954,CHB,LB,LB,0,ACT,Wayne Hansen,George,Hansen,1928-10-06,74,228,Northern Colorado,,,,,,,,,,5,"https://static.www.nfl.com/image/private/f_auto,q_auto/league/kanpaubjmydamqxowkkp"
1954,CHB,LB,LB,0,ACT,John Helwig,John,Helwig,1927-12-05,74,208,Northern Colorado,,,,,,,,,,2,"https://static.www.nfl.com/image/private/f_auto,q_auto/league/yaovjdpj4twtcxztkqde"
1954,CHB,LB,LB,0,ACT,Bones Weatherly,Gerald,Weatherly,1928-12-26,77,218,Northern Colorado,,,,,,,,,,4,"https://static.www.nfl.com/image/private/f_auto,q_auto/league/j1hkizbl0hd9fiz933au"
1954,CHB,OL,G,0,ACT,Herman Clark,Herman,Clark,1930-11-30,75,255,Northern Colorado,,,,,,,,,,2,"https://static.www.nfl.com/image/private/f_auto,q_auto/league/otugfacrsep2gkzezhhj"
1954,CHB,OL,OT,0,ACT,George Connor,George,Connor,1925-01-21,75,240,Northern Colorado,,,,,,,,,,7,"https://static.www.nfl.com/image/private/f_auto,q_auto/league/nnpz6csopkpskk28ie5l"
1954,CHB,OL,OT,0,ACT,Buddy Davis,Arthur,Davis,1929-12-19,74,235,Northern Colorado,,,,,,,,,,2,"https://static.www.nfl.com/image/private/f_auto,q_auto/league/qzajjsyncwkexg1zwiub"
1954,CHB,OL,OT,0,ACT,Kline Gilbert,Kline,Gilbert,1930-11-22,74,235,Northern Colorado,,,,,,,,,,2,"https://static.www.nfl.com/image/private/f_auto,q_auto/league/yqntx6ngp0ri0o7iz3x3"
1954,CHB,OL,OT,0,ACT,Paul Lipscomb,Paul,Lipscomb,1923-01-13,77,246,Northern Colorado,,,,,,,,,,10,"https://static.www.nfl.com/image/private/f_auto,q_auto/league/ymui5e0peemxejotpnbj"
1954,CHB,OL,C,0,ACT,Larry Strickland,Lawrence,Strickland,1931-09-03,76,245,Northern Colorado,,,,,,,,,,0,"https://static.www.nfl.com/image/private/f_auto,q_auto/league/kssjliy8y6b76bt7nf82"
1954,CHB,QB,QB,0,ACT,George Blanda,George,Blanda,1927-09-17,74,215,Northern Colorado,,,,,,,,,,6,"https://static.www.nfl.com/image/private/f_auto,q_auto/league/aofp1gfh2uwiundjxs4h"
1954,CHB,QB,QB,0,ACT,Zeke Bratkowski,Edmund,Bratkowski,1931-10-20,74,210,Northern Colorado,,,,,,,,,,0,"https://static.www.nfl.com/image/private/f_auto,q_auto/league/kentod4dlvnxdwmhcepl"
1954,CHB,QB,QB,0,ACT,Ed Brown,Charles,Brown,1928-10-26,74,220,Northern Colorado,,,,,,,,,,0,"https://static.www.nfl.com/image/private/f_auto,q_auto/league/qnyjyfapvhqlm0hnyvvj"
1954,CHB,RB,HB,0,ACT,Billy Anderson,William,Anderson,1929-03-03,72,198,Northern Colorado,,,,,,,,,,2,"https://static.www.nfl.com/image/private/f_auto,q_auto/league/cb5ns1otfnzaajhfdog6"
1954,CHB,RB,FB,0,ACT,Leon Campbell,Leon,Campbell,1927-07-01,72,197,Northern Colorado,,,,,,,,,,4,"https://static.www.nfl.com/image/private/f_auto,q_auto/league/sv4tycnu0jidyrienxmm"
1954,CHB,RB,HB,0,ACT,John Hoffman,John,Hoffman,1925-12-08,74,215,Northern Colorado,,,,,,,,,,6,"https://static.www.nfl.com/image/private/f_auto,q_auto/league/x0zjtenxpbhu3xe7ql5b"
1954,CHB,RB,FB,0,ACT,Chick Jagade,Harry,Jagade,1926-12-09,72,213,Northern Colorado,,,,,,,,,,4,"https://static.www.nfl.com/image/private/f_auto,q_auto/league/znmqv3tpooimkdxlvpet"
1954,CHB,RB,HB,0,ACT,Don Kindt,Donald,Kindt,1925-07-02,73,208,Northern Colorado,,,,,,,,,,8,"https://static.www.nfl.com/image/private/f_auto,q_auto/league/cqjtwcokgxspe7hxqjii"
1954,CHB,RB,HB,0,ACT,Bucky McElroy,William,McElroy,1929-01-23,71,195,Northern Colorado,,,,,,,,,,0,"https://static.www.nfl.com/image/private/f_auto,q_auto/league/m0vn2bxsyqwtpvwbeeil"
1954,CHB,RB,FB,0,ACT,Pete Perini,Evo,Perini,1928-02-10,72,225,Northern Colorado,,,,,,,,,,0,"https://static.www.nfl.com/image/private/f_auto,q_auto/league/jfwv8aiuyug61omlw2wg"
1954,CHB,RB,HB,0,ACT,Billy Stone,William,Stone,1925-10-25,72,191,Northern Colorado,,,,,,,,,,5,"https://static.www.nfl.com/image/private/f_auto,q_auto/league/pxsg4s8ziiw7zrhqnemq"
1954,CHC,DB,DB,0,ACT,Elmer Arterburn,Elmer,Arterburn,1929-06-15,70,175,Northern Colorado,,,,,,,,,,0,"https://static.www.nfl.com/image/private/f_auto,q_auto/league/vropdsqygboz1yiqef1w"
1954,CHC,DB,DB,0,ACT,Al Brosky,Alfred,Brosky,1928-06-09,71,175,Northern Colorado,,,,,,,,,,0,"https://static.www.nfl.com/image/private/f_auto,q_auto/league/a2l8hv5asoary7h7bgo2"
1954,CHC,DB,DB,0,ACT,George Kinek,George,Kinek,1928-01-13,74,190,Northern Colorado,,,,,,,,,,0,"https://static.www.nfl.com/image/private/f_auto,q_auto/league/lqaaqxwexv9nribv0wmh"
1954,CHC,DB,DB,0,ACT,Ellsworth Kingery,Ellsworth,Kingery,1929-08-06,71,180,Northern Colorado,,,,,,,,,,0,"https://static.www.nfl.com/image/private/f_auto,q_auto/league/pjwqchndghks4giawmit"
1954,CHC,DB,DB,0,ACT,Night Train Lane,Richard,Lane,1927-04-16,73,200,Northern Colorado,,,,,,,,,,3,"https://static.www.nfl.com/image/private/f_auto,q_auto/league/slazf2uydm3am5hfyztv"
1954,CHC,DB,DB,0,ACT,Charley Oakley,Charles,Oakley,1931-07-07,70,170,Northern Colorado,,,,,,,,,,0,"https://static.www.nfl.com/image/private/f_auto,q_auto/league/mzgmtgnwm7c2mj1f1gf8"
1954,CHC,DL,DE,0,ACT,Tom Bienemann,Thomas,Bienemann,1928-01-28,75,220,Northern Colorado,,,,,,,,,,4,"https://static.www.nfl.com/image/private/f_auto,q_auto/league/en8b3ngi88duzyru5gno"
1954,CHC,DL,E,0,ACT,Jack Crittendon,Jack,Crittendon,1930-08-09,73,190,Northern Colorado,,,,,,,,,,0,"https://static.www.nfl.com/image/private/f_auto,q_auto/league/vtpgf0cfnesmizhrtky7"
1954,CHC,DL,E,0,ACT,Mel Embree,Melvin,Embree,1927-01-26,75,190,Northern Colorado,,,,,,,,,,2,"https://static.www.nfl.com/image/private/f_auto,q_auto/league/rxeqmzjfswigcr0dnsmr"
1954,CHC,DL,DT,0,ACT,Ledio Fanucchi,Ledio,Fanucchi,1931-03-27,74,225,Northern Colorado,,,,,,,,,,0,"https://static.www.nfl.com/image/private/f_auto,q_auto/league/b6pzzqisfj5ajtqadbdo"
1954,CHC,DL,DT,0,ACT,Jerry Groom,Jerome,Groom,1929-08-15,75,235,Northern Colorado,,,,,,,,,,4,"https://static.www.nfl.com/image/private/f_auto,q_auto/league/gfgwo1w9dmnvuz6ea8s0"
1954,CHC,DL,DT,0,ACT,Johnny Hatley,Johnny,Hatley,1930-03-16,75,245,Northern Colorado,,,,,,,,,,2,"https://static.www.nfl.com/image/private/f_auto,q_auto/league/io4tvx0n5uycxpxgqohu"
1954,CHC,DL,E,0,TRC,Gary Knafelc,Gary,Knafelc,1932-01-02,76,220,Northern Colorado,,,,,,,,,,0,"https://static.www.nfl.com/image/private/f_auto,q_auto/league/oi98jjerg2iqxnyh2sm5"
1954,CHC,DL,E,0,ACT,Jim Ladd,James,Ladd,1932-07-29,76,205,Northern Colorado,,,,,,,,,,0,"https://static.www.nfl.com/image/private/f_auto,q_auto/league/dhqqn1nmobrhg4dfb1nv"
1954,CHC,DL,E,0,ACT,Don Stonesifer,Donald,Stonesifer,1927-01-29,72,200,Northern Colorado,,,,,,,,,,4,"https://static.www.nfl.com/image/private/f_auto,q_auto/league/ln6wjbhxofxjdqnxdohz"
1954,CHC,DL,DE,0,ACT,Leo Sugar,Leo,Sugar,1929-04-06,73,210,Northern Colorado,,,,,,,,,,0,"https://static.www.nfl.com/image/private/f_auto,q_auto/league/e66tbw5bv9o1lydrjqen"
1954,CHC,DL,DE,0,ACT,Pat Summerall,George,Summerall,1930-05-10,76,225,Northern Colorado,,,,,,,,,,3,"https://static.www.nfl.com/image/private/f_auto,q_auto/league/xnp0sir6nb5hzwdad3um"
1954,CHC,DL,DT,0,ACT,Chuck Ulrich,Charles,Ulrich,1929-12-14,76,250,Northern Colorado,,,,,,,,,,0,"https://static.www.nfl.com/image/private/f_auto,q_auto/league/cuqwyzjg4me8nvfkkgba"
1954,CHC,LB,LB,0,ACT,Dick Fugler,Richard,Fugler,1931-07-19,74,238,Northern Colorado,,,,,,,,,,2,"https://static.www.nfl.com/image/private/f_auto,q_auto/league/awso1ks6lonckl2qait1"
1954,CHC,LB,LB,0,ACT,Leo Sanford,Ottis,Sanford,1929-10-04,73,230,Northern Colorado,,,,,,,,,,4,"https://static.www.nfl.com/image/private/f_auto,q_auto/league/et88ikqjtx0tz813xozt"
1954,CHC,LB,LB,0,ACT,Fred Wallner,Frederick,Wallner,1928-04-12,74,230,Northern Colorado,,,,,,,,,,3,"https://static.www.nfl.com/image/private/f_auto,q_auto/league/mc3ryn7zp6omxjjl8pvh"
1954,CHC,OL,OT,0,ACT,Jack Jennings,Jack,Jennings,1926-02-23,76,245,Northern Colorado,,,,,,,,,,5,"https://static.www.nfl.com/image/private/f_auto,q_auto/league/kqwx66uzyf3x3woelsg4"
1954,CHC,OL,G,0,ACT,Bill Lange,William,Lange,1928-01-12,73,245,Northern Colorado,,,,,,,,,,4,"https://static.www.nfl.com/image/private/f_auto,q_auto/league/bljrp5qgs2rwrvdw8ufm"
1954,CHC,OL,G,0,ACT,Gordon Polofsky,Gordon,Polofsky,1931-01-10,73,219,Northern Colorado,,,,,,,,,,3,"https://static.www.nfl.com/image/private/f_auto,q_auto/league/cpemvokx2pa1puacqcld"
1954,CHC,OL,C,0,ACT,Jack Simmons,John,Simmons,1924-10-08,76,236,Northern Colorado,,,,,,,,,,6,"https://static.www.nfl.com/image/private/f_auto,q_auto/league/x2syccd2gtghudkdppux"
1954,CHC,OL,OT,0,ACT,Len Teeuws,Leonard,Teeuws,1927-04-19,77,245,Northern Colorado,,,,,,,,,,3,"https://static.www.nfl.com/image/private/f_auto,q_auto/league/m49d42m8er5n4gwfg8ke"
1954,CHC,OL,G,0,ACT,Jerry Watford,Jerry,Watford,1930-12-19,75,205,Northern Colorado,,,,,,,,,,2,"https://static.www.nfl.com/image/private/f_auto,q_auto/league/ayulp7vdezfvoqayx8fs"
1954,CHC,QB,QB,0,ACT,Lamar McHan,Clarence,McHan,1932-12-16,73,210,Northern Colorado,,,,,,,,,,0,"https://static.www.nfl.com/image/private/f_auto,q_auto/league/o2hqfkf5wyz8pb3h531p"
1954,CHC,QB,QB,0,ACT,Steve Romanik,Stephen,Romanik,1924-05-27,73,190,Northern Colorado,,,,,,,,,,5,"https://static.www.nfl.com/image/private/f_auto,q_auto/league/dtfluo6rnro4fs8okz7v"
1954,CHC,RB,HB,0,ACT,Paul Barry,Paul,Barry,1925-08-07,72,208,Northern Colorado,,,,,,,,,,4,"https://static.www.nfl.com/image/private/f_auto,q_auto/league/x0rgivoaoukrglok5qvg"
1954,CHC,RB,HB,0,ACT,George Brancato,George,Brancato,1931-05-27,69,177,Northern Colorado,,,,,,,,,,0,"https://static.www.nfl.com/image/private/f_auto,q_auto/league/qwrtsdtnnu5jx14zm3ml"
1954,CHC,RB,RB,0,ACT,Bill Bredde,William,Bredde,1932-12-31,73,195,Northern Colorado,,,,,,,,,,0,"https://static.www.nfl.com/image/private/f_auto,q_auto/league/rwji11uy3ujpx8a6oyvc"
1954,CHC,RB,HB,0,ACT,Les Goble,Lester,Goble,1932-07-23,71,155,Northern Colorado,,,,,,,,,,0,"https://static.www.nfl.com/image/private/f_auto,q_auto/league/hngmdgxbbhnsyrlxwavk"
1954,CHC,RB,FB,0,ACT,Emmett King,Emmett,King,1933-05-08,69,195,Northern Colorado,,,,,,,,,,0,"https://static.www.nfl.com/image/private/f_auto,q_auto/league/gpvjkb3lj60df7v0deor"
1954,CHC,RB,HB,0,ACT,Ollie Matson,Ollie,Matson,1930-05-01,74,210,Northern Colorado,,,,,,,,,,2,"https://static.www.nfl.com/image/private/f_auto,q_auto/league/divviugyjefbgtnbmsur"
1954,CHC,RB,FB,0,ACT,Johnny Olszewski,John,Olszewski,1929-12-21,71,202,Northern Colorado,,,,,,,,,,2,"https://static.www.nfl.com/image/private/f_auto,q_auto/league/ir7qqwmlyvra9dlxhszg"
1954,CHC,RB,HB,0,ACT,Jimmy Sears,James,Sears,1931-03-20,71,185,Northern Colorado,,,,,,,,,,0,"https://static.www.nfl.com/image/private/f_auto,q_auto/league/xxmmkpsjtlefcgnzj6pt"
1954,CHC,RB,HB,0,ACT,Charlie Trippi,Charles,Trippi,1921-12-14,72,185,Northern Colorado,,,,,,,,,,8,"https://static.www.nfl.com/image/private/f_auto,q_auto/league/pb8ocyh7tmdefbdiqvki"
1954,CLE,DB,DB,0,ACT,Ken Gorgal,Kenneth,Gorgal,1929-02-13,74,200,Northern Colorado,,,,,,,,,,3,"https://static.www.nfl.com/image/private/f_auto,q_auto/league/cpfhtjfewruuaiedesxw"
1954,CLE,DB,DB,0,ACT,Tommy James,Thomas,James,1923-09-16,70,185,Northern Colorado,,,,,,,,,,6,"https://static.www.nfl.com/image/private/f_auto,q_auto/league/vdfljkkfafjcevleenrl"
1954,CLE,DB,DB,0,ACT,Ken Konz,Kenneth,Konz,1928-09-25,70,187,Northern Colorado,,,,,,,,,,2,"https://static.www.nfl.com/image/private/f_auto,q_auto/league/pagsnhbhuckvf1pkjlew"
1954,CLE,DB,DB,0,ACT,Warren Lahr,Warren,Lahr,1923-09-05,71,185,Northern Colorado,,,,,,,,,,5,"https://static.www.nfl.com/image/private/f_auto,q_auto/league/joptflrlq5h3uuf2s23k"
1954,CLE,DB,DB,0,ACT,Don Paul,Donald,Paul,1926-07-23,72,192,Northern Colorado,,,,,,,,,,5,"https://static.www.nfl.com/image/private/f_auto,q_auto/league/snkwdcqscyn3tg64dum8"
1954,CLE,DL,DE,0,ACT,Doug Atkins,Douglas,Atkins,1930-05-08,80,275,Northern Colorado,,,,,,,,,,2,"https://static.www.nfl.com/image/private/f_auto,q_auto/league/qsguxvinyuskecsljeqg"
1954,CLE,DL,E,0,ACT,Pete Brewster,Darrel,Brewster,1930-09-01,75,210,Northern Colorado,,,,,,,,,,3,"https://static.www.nfl.com/image/private/f_auto,q_auto/league/tprd9vlcmm1mx1gv1138"
1954,CLE,DL,DT,0,ACT,Don Colo,Donald,Colo,1925-01-05,75,251,Northern Colorado,,,,,,,,,,5,"https://static.www.nfl.com/image/private/f_auto,q_auto/league/q9h9xu3bqc8ercpu7k8d"
1954,CLE,DL,DT,0,ACT,Bob Gain,Robert,Gain,1929-06-21,75,260,Northern Colorado,,,,,,,,,,2,"https://static.www.nfl.com/image/private/f_auto,q_auto/league/wnvfioopsvjd57cghg2i"
1954,CLE,DL,E,0,ACT,Horace Gillom,Horace,Gillom,1921-03-03,73,221,Northern Colorado,,,,,,,,,,5,"https://static.www.nfl.com/image/private/f_auto,q_auto/league/la4eyachpmlxk1gj9lcd"
1954,CLE,DL,DT,0,ACT,Don King,Donald,King,1929-03-11,75,255,Northern Colorado,,,,,,,,,,0,"https://static.www.nfl.com/image/private/f_auto,q_auto/league/ut2gqq3v9or12jqggqej"
1954,CLE,DL,DT,0,ACT,John Kissell,John,Kissell,1923-05-14,75,245,Northern Colorado,,,,,,,,,,4,"https://static.www.nfl.com/image/private/f_auto,q_auto/league/fvriow3baxkndzu9h52d"
1954,CLE,DL,E,0,ACT,Dante Lavelli,Dante,Lavelli,1923-02-23,72,191,Northern Colorado,,,,,,,,,,5,"https://static.www.nfl.com/image/private/f_auto,q_auto/league/bd8g3tytybkpseqdhygl"
1954,CLE,DL,DE,0,ACT,Carlton Massey,Carlton,Massey,1930-01-17,74,220,Northern Colorado,,,,,,,,,,0,"https://static.www.nfl.com/image/private/f_auto,q_auto/league/teuoluolwcxuvz7rlvyq"
1954,CLE,LB,LB,0,ACT,Tom Catlin,Thomas,Catlin,1931-09-08,73,210,Northern Colorado,,,,,,,,,,2,"https://static.www.nfl.com/image/private/f_auto,q_auto/league/ndwn9xwh0mgvm2sewvjn"
1954,CLE,LB,LB,0,ACT,Walt Michaels,Walter,Michaels,1929-10-16,72,237,Northern Colorado,,,,,,,,,,4,"https://static.www.nfl.com/image/private/f_auto,q_auto/league/gzlejgw9e9wsk6f9vsty"
1954,CLE,LB,LB,0,ACT,Chuck Noll,Charles,Noll,1932-01-05,73,220,Northern Colorado,,,,,,,,,,2,"https://static.www.nfl.com/image/private/f_auto,q_auto/league/clemb2r5n2argrchheid"
1954,CLE,OL,C,0,ACT,Quincy Armstrong,Carl,Armstrong,1928-11-22,75,230,Northern Colorado,,,,,,,,,,0,"https://static.www.nfl.com/image/private/f_auto,q_auto/league/si4r4xubkmaftdoizvzi"
1954,CLE,OL,G,0,ACT,Harold Bradley,Harold,Bradley,1929-10-13,74,205,Northern Colorado,,,,,,,,,,0,"https://static.www.nfl.com/image/private/f_auto,q_auto/league/g8wn4qcpbm1shpshlarz"
1954,CLE,OL,G,0,ACT,Herschel Forester,Herschel,Forester,1931-04-14,72,230,Northern Colorado,,,,,,,,,,0,"https://static.www.nfl.com/image/private/f_auto,q_auto/league/ahoefwkryhnzcn1fjqdf"
1954,CLE,OL,C,0,ACT,Frank Gatski,Frank,Gatski,1922-03-18,75,233,Northern Colorado,,,,,,,,,,5,"https://static.www.nfl.com/image/private/f_auto,q_auto/league/gwdkydbo8ofy49vuibg4"
1954,CLE,OL,G,0,ACT,Abe Gibron,Abraham,Gibron,1925-09-22,71,243,Northern Colorado,,,,,,,,,,5,"https://static.www.nfl.com/image/private/f_auto,q_auto/league/ywylip85kd904rjd7mws"
1954,CLE,OL,OT,0,ACT,Lou Groza,Louis,Groza,1924-01-25,75,240,Northern Colorado,,,,,,,,,,5,"https://static.www.nfl.com/image/private/f_auto,q_auto/league/i5qjaiawyxff7aq0yxzo"
1954,CLE,OL,OT,0,ACT,Mike McCormack,Michael,McCormack,1930-06-21,76,248,Northern Colorado,,,,,,,,,,2,"https://static.www.nfl.com/image/private/f_auto,q_auto/league/nubuslvax462x1zcvalu"
1954,CLE,OL,OT,0,ACT,John Sandusky,John,Sandusky,1925-12-28,73,250,Northern Colorado,,,,,,,,,,5,"https://static.www.nfl.com/image/private/f_auto,q_auto/league/ogswso13knva02t9mm9b"
1954,CLE,QB,QB,0,ACT,Otto Graham,Otto,Graham,1921-12-06,73,196,Northern Colorado,,,,,,,,,,5,"https://static.www.nfl.com/image/private/f_auto,q_auto/league/l26nsleyuise6pmherrd"
1954,CLE,QB,QB,0,ACT,George Ratterman,George,Ratterman,1926-11-12,73,185,Northern Colorado,,,,,,,,,,5,"https://static.www.nfl.com/image/private/f_auto,q_auto/league/cd4zl6noubfwvszykkiu"
1954,CLE,RB,FB,0,ACT,Tony Adamle,Anthony,Adamle,1924-05-15,72,215,Northern Colorado,,,,,,,,,,3,"https://static.www.nfl.com/image/private/f_auto,q_auto/league/xqvecrnyotdandlandxn"
1954,CLE,RB,FB,0,ACT,Mo Bassett,Maurice,Bassett,1931-04-26,73,230,Northern Colorado,,,,,,,,,,0,"https://static.www.nfl.com/image/private/f_auto,q_auto/league/fu3onb7ryocdcdf7ptra"
1954,CLE,RB,HB,0,ACT,Chet Hanulak,Chester,Hanulak,1933-03-28,70,191,Northern Colorado,,,,,,,,,,0,"https://static.www.nfl.com/image/private/f_auto,q_auto/league/zsffjvemorghrorqibfg"
1954,CLE,RB,HB,0,ACT,Dub Jones,William,Jones,1924-12-29,76,202,Northern Colorado,,,,,,,,,,5,"https://static.www.nfl.com/image/private/f_auto,q_auto/league/awdpkwhemr7dfd4qmhul"
1954,CLE,RB,FB,0,ACT,Fred Morrison,Fred,Morrison,1926-10-07,74,215,Northern Colorado,,,,,,,,,,5,"https://static.www.nfl.com/image/private/f_auto,q_auto/league/yy6srmiz3qo8pbnyayco"
1954,CLE,RB,HB,0,ACT,Billy Reynolds,William,Reynolds,1931-07-20,70,195,Northern Colorado,,,,,,,,,,2,"https://static.www.nfl.com/image/private/f_auto,q_auto/league/mntrziezhgt3toyxvher"
1954,CLE,WR,WR,0,ACT,Len Ford,Leonard,Ford,1926-02-18,76,245,Northern Colorado,,,,,,,,,,5,"https://static.www.nfl.com/image/private/f_auto,q_auto/league/vni5zdd3m1az9jcuuc6t"
1954,CLE,WR,WR,0,ACT,Ray Renfro,Ray,Renfro,1929-11-07,73,192,Northern Colorado,,,,,,,,,,3,"https://static.www.nfl.com/image/private/f_auto,q_auto/league/pham1dufvajeetspjazj"
1954,DET,DB,DB,0,ACT,Jack Christiansen,John,Christiansen,1928-12-20,73,205,Northern Colorado,,,,,,,,,,4,"https://static.www.nfl.com/image/private/f_auto,q_auto/league/m3jjt3vxqbiqfsnwcttj"
1954,DET,DB,DB,0,ACT,Jim David,James,David,1927-12-02,71,178,Northern Colorado,,,,,,,,,,3,"https://static.www.nfl.com/image/private/f_auto,q_auto/league/jniyiydhpxmzyb9dkdcy"
1954,DET,DB,DB,0,ACT,Carl Karilivacz,Carl,Karilivacz,1930-11-20,72,190,Northern Colorado,,,,,,,,,,2,"https://static.www.nfl.com/image/private/f_auto,q_auto/league/rguxkqc78rpwvoyp8qag"
1954,DET,DB,DB,0,ACT,Bob Smith,James,Smith,1925-08-20,73,191,Northern Colorado,,,,,,,,,,6,"https://static.www.nfl.com/image/private/f_auto,q_auto/league/pwsywleg8en1rexo0maj"
1954,DET,DB,DB,0,ACT,Bill Stits,William,Stits,1931-07-26,72,195,Northern Colorado,,,,,,,,,,0,"https://static.www.nfl.com/image/private/f_auto,q_auto/league/rovqpceurf0nctx5ypb3"
1954,DET,DL,E,0,ACT,Cloyce Box,Cloyce,Box,1923-08-24,76,220,Northern Colorado,,,,,,,,,,5,"https://static.www.nfl.com/image/private/f_auto,q_auto/league/uilirtn56pu5efzzldxk"
1954,DET,DL,DE,0,ACT,Jim Cain,James,Cain,1927-10-01,73,200,Northern Colorado,,,,,,,,,,4,"https://static.www.nfl.com/image/private/f_auto,q_auto/league/swhactg5cy2ltc1jhzgh"
1954,DET,DL,E,0,ACT,Dorne Dibble,Dorne,Dibble,1929-04-26,74,190,Northern Colorado,,,,,,,,,,3,"https://static.www.nfl.com/image/private/f_auto,q_auto/league/liopooywodqcvxej0g1d"
1954,DET,DL,E,0,ACT,Jim Doran,James,Doran,1927-08-11,74,200,Northern Colorado,,,,,,,,,,4,"https://static.www.nfl.com/image/private/f_auto,q_auto/league/yxevaxg6zwullycj92xk"
1954,DET,DL,DE,0,ACT,Sonny Gandee,Sherwin,Gandee,1929-02-27,73,220,Northern Colorado,,,,,,,,,,3,"https://static.www.nfl.com/image/private/f_auto,q_auto/league/zoqzkiued8k5grjk0snk"
1954,DET,DL,DT,0,ACT,Gil Mains,Gilbert,Mains,1929-12-17,74,250,Northern Colorado,,,,,,,,,,2,"https://static.www.nfl.com/image/private/f_auto,q_auto/league/o2tzd45y6fwzrn4nqna3"
1954,DET,DL,DT,0,ACT,Thurman McGraw,Thurman,McGraw,1927-07-17,77,235,Northern Colorado,,,,,,,,,,5,"https://static.www.nfl.com/image/private/f_auto,q_auto/league/yhskiqcqaupyxnxua6pm"
1954,DET,DL,DT,0,ACT,Bob Miller,Robert,Miller,1929-12-11,75,235,Northern Colorado,,,,,,,,,,3,"https://static.www.nfl.com/image/private/f_auto,q_auto/league/i5wlc0nbiao3r3niktzt"
1954,DET,DL,DE,0,ACT,Gerry Perry,Gerald,Perry,1930-07-17,76,235,Northern Colorado,,,,,,,,,,0,"https://static.www.nfl.com/image/private/f_auto,q_auto/league/mzbkgdwux5ml1t2ash1h"
1954,DET,DL,DE,0,ACT,Hal Turner,Harold,Turner,1929-12-05,74,235,Northern Colorado,,,,,,,,,,0,"https://static.www.nfl.com/image/private/f_auto,q_auto/league/un1im7xipeh2dmn0p1rw"
1954,DET,LB,LB,0,ACT,Jim Martin,James,Martin,1924-04-08,74,230,Northern Colorado,,,,,,,,,,5,"https://static.www.nfl.com/image/private/f_auto,q_auto/league/lnh7re6hpxdsneopccvu"
1954,DET,LB,LB,0,ACT,Joe Schmidt,Joseph,Schmidt,1932-01-19,73,220,Northern Colorado,,,,,,,,,,2,"https://static.www.nfl.com/image/private/f_auto,q_auto/league/ncpdhjvxeosbsgbmtnau"
1954,DET,LB,LB,0,ACT,Lavern Torgeson,LaVern,Torgeson,1929-02-28,72,217,Northern Colorado,,,,,,,,,,4,"https://static.www.nfl.com/image/private/f_auto,q_auto/league/oylzdujk367qa4iegdoz"
1954,DET,OL,OT,0,ACT,Charlie Ane,Charles,Ane,1931-01-25,74,260,Northern Colorado,,,,,,,,,,2,"https://static.www.nfl.com/image/private/f_auto,q_auto/league/ky0tzjmfuqskya6acfa1"
1954,DET,OL,OT,0,ACT,Lou Creekmur,Louis,Creekmur,1927-01-22,76,250,Northern Colorado,,,,,,,,,,5,"https://static.www.nfl.com/image/private/f_auto,q_auto/league/thhqtqkmmphpxwbhiwbx"
1954,DET,OL,C,0,ACT,Andy Miketa,Andrew,Miketa,1929-11-01,74,210,Northern Colorado,,,,,,,,,,0,"https://static.www.nfl.com/image/private/f_auto,q_auto/league/gud7qlthis8btx22qscq"
1954,DET,OL,G,0,ACT,Harley Sewell,Harley,Sewell,1931-04-18,73,235,Northern Colorado,,,,,,,,,,2,"https://static.www.nfl.com/image/private/f_auto,q_auto/league/x1gfmgq3ihhitulasz59"
1954,DET,OL,G,0,ACT,Dick Stanfel,Richard,Stanfel,1927-07-20,75,229,Northern Colorado,,,,,,,,,,3,"https://static.www.nfl.com/image/private/f_auto,q_auto/league/x4qtszeqrpczg65rhv6c"
1954,DET,QB,QB,0,ACT,Tom Dublinski,Thomas,Dublinski,1930-08-08,74,190,Northern Colorado,,,,,,,,,,3,"https://static.www.nfl.com/image/private/f_auto,q_auto/league/pl0ye7etqmrazlwjiboe"
1954,DET,QB,QB,0,ACT,Bobby Layne,Robert,Layne,1926-12-19,73,208,Northern Colorado,,,,,,,,,,7,"https://static.www.nfl.com/image/private/f_auto,q_auto/league/fsqauncsp5s8llib8vdf"
1954,DET,RB,FB,0,ACT,Bill Bowman,William,Bowman,1931-09-22,74,220,Northern Colorado,,,,,,,,,,0,"https://static.www.nfl.com/image/private/f_auto,q_auto/league/mez4nobdsk1iuj5nluzy"
1954,DET,RB,HB,0,ACT,Lew Carpenter,Lewis,Carpenter,1932-01-12,73,210,Northern Colorado,,,,,,,,,,2,"https://static.www.nfl.com/image/private/f_auto,q_auto/league/idv6h1yx6qujelq1uj0u"
1954,DET,RB,HB,0,ACT,Jug Girard,Earl,Girard,1927-01-25,71,175,Northern Colorado,,,,,,,,,,7,"https://static.www.nfl.com/image/private/f_auto,q_auto/league/hw904piysrgolakqgnyq"
1954,DET,RB,FB,0,ACT,Leon Hart,Leon,Hart,1928-11-02,77,262,Northern Colorado,,,,,,,,,,5,"https://static.www.nfl.com/image/private/f_auto,q_auto/league/kiwxqy5w23jezpzaqwg3"
1954,DET,RB,HB,0,ACT,Bob Hoernschemeyer,Robert,Hoernschemeyer,1925-09-24,71,194,Northern Colorado,,,,,,,,,,5,"https://static.www.nfl.com/image/private/f_auto,q_auto/league/rgm0juhxgxbbp2kmntlo"
1954,DET,RB,HB,0,ACT,Dick Kercher,Richard,Kercher,1932-03-11,74,205,Northern Colorado,,,,,,,,,,0,"https://static.www.nfl.com/image/private/f_auto,q_auto/league/qzvfuohdt2atxfnisg90"
1954,DET,RB,FB,0,ACT,Bob Smith,Robert,Smith,1929-02-28,72,205,Northern Colorado,,,,,,,,,,2,"https://static.www.nfl.com/image/private/f_auto,q_auto/league/qnkba9lceglgkdpvpx2y"
1954,DET,RB,HB,0,ACT,Doak Walker,Ewell,Walker,1927-01-01,71,172,Northern Colorado,,,,,,,,,,5,"https://static.www.nfl.com/image/private/f_auto,q_auto/league/x4vjiwrcd6noqnnixysf"
1954,DET,WR,WR,0,ACT,Bob Dove,Robert,Dove,1921-02-21,74,222,Northern Colorado,,,,,,,,,,7,"https://static.www.nfl.com/image/private/f_auto,q_auto/league/bw85gvp9gqmjxkusepyn"
1954,DET,,,0,ACT,Les Bingaman,Lester,Bingaman,1926-02-03,75,272,Northern Colorado,,,,,,,,,,7,"https://static.www.nfl.com/image/private/f_auto,q_auto/league/wlimc6xsl9talc4nf8oq"
1954,GB,DB,DB,0,ACT,Bobby Dillon,Bobby,Dillon,1930-02-23,73,180,Northern Colorado,,,,,,,,,,3,"https://static.www.nfl.com/image/private/f_auto,q_auto/league/idkjzxlz3qjmc5mrhwfq"
1954,GB,DB,DB,0,ACT,Jim Psaltis,David,Psaltis,1927-12-14,73,190,Northern Colorado,,,,,,,,,,2,"https://static.www.nfl.com/image/private/f_auto,q_auto/league/yfk74kptfi9wyplvmfxv"
1954,GB,DB,DB,0,ACT,Clarence Self,Clarence,Self,1925-10-10,68,180,Northern Colorado,,,,,,,,,,5,"https://static.www.nfl.com/image/private/f_auto,q_auto/league/e9bj8575qcy4hpzrmvg4"
1954,GB,DB,DB,0,ACT,Val Joe Walker,Val,Walker,1930-01-07,73,178,Northern Colorado,,,,,,,,,,2,"https://static.www.nfl.com/image/private/f_auto,q_auto/league/qx6bil0kx14y6ptrmd7w"
1954,GB,DL,DT,0,ACT,Dave Hanner,Joel,Hanner,1930-05-22,74,260,Northern Colorado,,,,,,,,,,3,"https://static.www.nfl.com/image/private/f_auto,q_auto/league/dfordub5wxmynluul1rg"
1954,GB,DL,DT,0,ACT,Jerry Helluin,Francis,Helluin,1929-08-08,74,265,Northern Colorado,,,,,,,,,,3,"https://static.www.nfl.com/image/private/f_auto,q_auto/league/sok7qnzprzijnwtf9ksc"
1954,GB,DL,E,0,ACT,Billy Howton,William,Howton,1930-07-05,74,195,Northern Colorado,,,,,,,,,,3,"https://static.www.nfl.com/image/private/f_auto,q_auto/league/ayz671adtbozvkje5wbt"
1954,GB,DL,E,0,ACT,Gary Knafelc,Gary,Knafelc,1932-01-02,76,220,Northern Colorado,,,,,,,,,,0,"https://static.www.nfl.com/image/private/f_auto,q_auto/league/oi98jjerg2iqxnyh2sm5"
1954,GB,DL,DE,0,ACT,Gene Knutson,Eugene,Knutson,1932-11-10,74,230,Northern Colorado,,,,,,,,,,0,"https://static.www.nfl.com/image/private/f_auto,q_auto/league/godlvgoa1k7aq1j7kjf0"
1954,GB,DL,E,0,ACT,Bob Mann,Robert,Mann,1924-04-08,71,172,Northern Colorado,,,,,,,,,,7,"https://static.www.nfl.com/image/private/f_auto,q_auto/league/nkw5xuhgmel2olf6bxne"
1954,GB,DL,DE,0,ACT,John Martinkovic,John,Martinkovic,1927-02-04,75,245,Northern Colorado,,,,,,,,,,4,"https://static.www.nfl.com/image/private/f_auto,q_auto/league/vv50vwklbmoamoos8jnw"
1954,GB,DL,E,0,ACT,Lou Mihajlovich,Louis,Mihajlovich,1925-02-19,71,175,Northern Colorado,,,,,,,,,,1,"https://static.www.nfl.com/image/private/f_auto,q_auto/league/ctrdmiqoft8c76ndg07a"
1954,GB,DL,DE,0,ACT,Gene White,Gene,White,1932-06-21,74,205,Northern Colorado,,,,,,,,,,0,"https://static.www.nfl.com/image/private/f_auto,q_auto/league/jpl0qe9b1cllkjwpdwh2"
1954,GB,LB,LB,0,ACT,Bill Forester,George,Forester,1932-08-09,75,240,Northern Colorado,,,,,,,,,,2,"https://static.www.nfl.com/image/private/f_auto,q_auto/league/p4mxhbudfeafsvvz5gpa"
1954,GB,LB,LB,0,ACT,Deral Teteak,Deral,Teteak,1929-12-11,70,210,Northern Colorado,,,,,,,,,,3,"https://static.www.nfl.com/image/private/f_auto,q_auto/league/y6kvjkvq7jciypbllfra"
1954,GB,LB,LB,0,ACT,Roger Zatkoff,Roger,Zatkoff,1931-03-25,74,215,Northern Colorado,,,,,,,,,,2,"https://static.www.nfl.com/image/private/f_auto,q_auto/league/hpswuni1nt9xbge9ulph"
1954,GB,OL,OT,0,ACT,Dick Afflis,William,Afflis,1929-06-27,72,251,Northern Colorado,,,,,,,,,,4,"https://static.www.nfl.com/image/private/f_auto,q_auto/league/ffs0gkj4dfenxazkgg0k"
1954,GB,OL,G,0,ACT,Al Barry,Allan,Barry,1930-12-24,74,230,Northern Colorado,,,,,,,,,,0,"https://static.www.nfl.com/image/private/f_auto,q_auto/league/pnpoqsajjmfbkym2vpnj"
1954,GB,OL,G,0,ACT,Buddy Brown,William,Brown,1926-10-19,73,225,Northern Colorado,,,,,,,,,,4,"https://static.www.nfl.com/image/private/f_auto,q_auto/league/orhtlxwtxqzzvqzzfg5b"
1954,GB,OL,C,0,ACT,Art Hunter,Arthur,Hunter,1933-04-24,76,248,Northern Colorado,,,,,,,,,,0,"https://static.www.nfl.com/image/private/f_auto,q_auto/league/rfcach5lzwnpt08zmnwg"
1954,GB,OL,C,0,ACT,Jim Ringo,James,Ringo,1931-11-21,73,230,Northern Colorado,,,,,,,,,,2,"https://static.www.nfl.com/image/private/f_auto,q_auto/league/oe6gxlo5qwwi9f2at6ff"
1954,GB,OL,G,0,ACT,Steve Ruzich,Stephen,Ruzich,1927-12-24,74,228,Northern Colorado,,,,,,,,,,3,"https://static.www.nfl.com/image/private/f_auto,q_auto/league/jjxjc5iphyplbvvp6bky"
1954,GB,OL,G,0,ACT,Dave Stephenson,James,Stephenson,1925-10-22,74,230,Northern Colorado,,,,,,,,,,5,"https://static.www.nfl.com/image/private/f_auto,q_auto/league/gnnbx8bkykyzr2ibos0c"
1954,GB,OL,OT,0,ACT,Len Szafaryn,Leonard,Szafaryn,1928-01-19,74,230,Northern Colorado,,,,,,,,,,4,"https://static.www.nfl.com/image/private/f_auto,q_auto/league/hg2c56yiu7xztzyyeojm"
1954,GB,QB,QB,0,ACT,Bobby Garrett,Robert,Garrett,1932-08-16,73,198,Northern Colorado,,,,,,,,,,0,"https://static.www.nfl.com/image/private/f_auto,q_auto/league/go8bwil0wu8wu1xxvcly"
1954,GB,QB,QB,0,ACT,Tobin Rote,Tobin,Rote,1928-01-18,74,225,Northern Colorado,,,,,,,,,,5,"https://static.www.nfl.com/image/private/f_auto,q_auto/league/yajxe2apkibmfav3axvf"
1954,GB,RB,HB,0,ACT,Al Carmichael,Albert,Carmichael,1928-11-10,73,190,Northern Colorado,,,,,,,,,,2,"https://static.www.nfl.com/image/private/f_auto,q_auto/league/cxdeorrymgrhjpmtk3q0"
1954,GB,RB,FB,0,ACT,Fred Cone,Fred,Cone,1926-06-21,71,200,Northern Colorado,,,,,,,,,,4,"https://static.www.nfl.com/image/private/f_auto,q_auto/league/jaikchjigbqtoecs73fq"
1954,GB,RB,FB,0,ACT,Howie Ferguson,Howard,Ferguson,1930-08-05,74,220,Northern Colorado,,,,,,,,,,2,"https://static.www.nfl.com/image/private/f_auto,q_auto/league/qrktop3alplmibgbbgwt"
1954,GB,RB,HB,0,ACT,Joe Johnson,Joseph,Johnson,1929-11-03,72,190,Northern Colorado,,,,,,,,,,0,"https://static.www.nfl.com/image/private/f_auto,q_auto/league/wyb0o6hvezxfobptmwqo"
1954,GB,RB,HB,0,TRC,Don Miller,Don,Miller,1932-05-24,74,195,Northern Colorado,,,,,,,,,,0,"https://static.www.nfl.com/image/private/f_auto,q_auto/league/grrlgpvqilzxyobxrc8o"
1954,GB,RB,HB,0,ACT,Breezy Reid,Floyd,Reid,1927-09-14,70,190,Northern Colorado,,,,,,,,,,5,"https://static.www.nfl.com/image/private/f_auto,q_auto/league/us7rlly1qf8nqn6xp6tg"
1954,GB,RB,HB,0,ACT,Veryl Switzer,Veryl,Switzer,1932-08-06,71,190,Northern Colorado,,,,,,,,,,0,"https://static.www.nfl.com/image/private/f_auto,q_auto/league/gowpgfaafcdojc1zmlvo"
1954,GB,WR,WR,0,ACT,Carl Elliott,Carlton,Elliott,1927-11-12,76,230,Northern Colorado,,,,,,,,,,4,"https://static.www.nfl.com/image/private/f_auto,q_auto/league/gpi3cfg6tfi1qlrskeg6"
1954,GB,WR,WR,0,ACT,Max McGee,William,McGee,1932-07-16,75,205,Northern Colorado,,,,,,,,,,0,"https://static.www.nfl.com/image/private/f_auto,q_auto/league/pf3jygfdosbyveh9ym8o"
1954,GB,,,0,ACT,Clayton Tonnemaker,Frank,Tonnemaker,1928-06-08,74,237,Northern Colorado,,,,,,,,,,3,"https://static.www.nfl.com/image/private/f_auto,q_auto/league/hu6wtlp3cshkxi8oqh36"
1954,LA,DB,DB,0,ACT,Bill Bowers,William,Bowers,1928-10-31,72,198,Northern Colorado,,,,,,,,,,0,"https://static.www.nfl.com/image/private/f_auto,q_auto/league/wsojo34nybdkaepa8b3t"
1954,LA,DB,DB,0,ACT,Don Doll,Donald,Doll,1926-08-29,70,185,Northern Colorado,,,,,,,,,,6,"https://static.www.nfl.com/image/private/f_auto,q_auto/league/q32lonvhis5infy0b1hp"
1954,LA,DB,DB,0,ACT,Jack Dwyer,John,Dwyer,1927-01-15,71,175,Northern Colorado,,,,,,,,,,4,"https://static.www.nfl.com/image/private/f_auto,q_auto/league/kphumofzcmu9uquluhww"
1954,LA,DB,DB,0,ACT,Hall Haynes,Hall,Haynes,1928-10-03,72,182,Northern Colorado,,,,,,,,,,3,"https://static.www.nfl.com/image/private/f_auto,q_auto/league/witycbxi06cjbvvtt9me"
1954,LA,DB,DB,0,ACT,Ed Hughes,Edward,Hughes,1927-10-23,73,185,Northern Colorado,,,,,,,,,,0,"https://static.www.nfl.com/image/private/f_auto,q_auto/league/vogi3wh06zhivfinm2bc"
1954,LA,DB,DB,0,ACT,Woodley Lewis,Woodley,Lewis,1925-06-14,72,195,Northern Colorado,,,,,,,,,,5,"https://static.www.nfl.com/image/private/f_auto,q_auto/league/w0ozakuuxk6kfwh78rz6"
1954,LA,DB,DB,0,ACT,Will Sherman,Willard,Sherman,1927-10-20,74,197,Northern Colorado,,,,,,,,,,2,"https://static.www.nfl.com/image/private/f_auto,q_auto/league/w2t1yx7tcm1132ky12qd"
1954,LA,DL,E,0,ACT,Bob Boyd,Robert,Boyd,1928-03-07,74,203,Northern Colorado,,,,,,,,,,4,"https://static.www.nfl.com/image/private/f_auto,q_auto/league/vdllrvehn5y82kx0vzuk"
1954,LA,DL,DT,0,ACT,Art Hauser,Arthur,Hauser,1929-06-19,72,240,Northern Colorado,,,,,,,,,,0,"https://static.www.nfl.com/image/private/f_auto,q_auto/league/oaavcx9nautfc6rizg65"
1954,LA,DL,E,0,ACT,Crazy Legs Hirsch,Elroy,Hirsch,1923-06-17,74,190,Northern Colorado,,,,,,,,,,6,"https://static.www.nfl.com/image/private/f_auto,q_auto/league/cwl3y0fxa58myuxdrbxw"
1954,LA,DL,DT,0,ACT,Gene Lipscomb,Eugene,Lipscomb,1931-08-09,78,288,Northern Colorado,,,,,,,,,,2,"https://static.www.nfl.com/image/private/f_auto,q_auto/league/rliyrnpg10p42xrvqgwh"
1954,LA,DL,DT,0,ACT,Bud McFadin,Lewis,McFadin,1928-08-21,75,280,Northern Colorado,,,,,,,,,,2,"https://static.www.nfl.com/image/private/f_auto,q_auto/league/sjy4ilv3ax6cmoqkoxvl"
1954,LA,DL,DE,0,ACT,Paul Miller,Paul,Miller,1930-11-08,74,240,Northern Colorado,,,,,,,,,,0,"https://static.www.nfl.com/image/private/f_auto,q_auto/league/biwzcxo1quqrjoaaq3td"
1954,LA,DL,DE,0,ACT,Andy Robustelli,Andrew,Robustelli,1925-12-06,73,230,Northern Colorado,,,,,,,,,,4,"https://static.www.nfl.com/image/private/f_auto,q_auto/league/c0qzoc10mztednvqutmv"
1954,LA,DL,DT,0,ACT,Charlie Toogood,Charles,Toogood,1927-07-16,72,233,Northern Colorado,,,,,,,,,,4,"https://static.www.nfl.com/image/private/f_auto,q_auto/league/tjubfketefdqhhrb0zwt"
1954,LA,DL,DE,0,ACT,Duane Wardlow,Clyde,Wardlow,1932-07-02,76,215,Northern Colorado,,,,,,,,,,0,"https://static.www.nfl.com/image/private/f_auto,q_auto/league/ajjdeurj23nuk6nrejgk"
1954,LA,LB,LB,0,ACT,Bob Griffin,Robert,Griffin,1929-02-12,75,230,Northern Colorado,,,,,,,,,,2,"https://static.www.nfl.com/image/private/f_auto,q_auto/league/zxkpsqf3eaem2bjpxmjp"
1954,LA,LB,LB,0,ACT,Don Paul,Don,Paul,1925-03-18,73,230,Northern Colorado,,,,,,,,,,7,"https://static.www.nfl.com/image/private/f_auto,q_auto/league/cwugpex1ihzdbofnceoi"
1954,LA,LB,LB,0,ACT,Les Richter,Leslie,Richter,1930-10-06,75,232,Northern Colorado,,,,,,,,,,0,"https://static.www.nfl.com/image/private/f_auto,q_auto/league/cbrgouas8agakapxpeeq"
1954,LA,LB,LB,0,ACT,Harland Svare,Harland,Svare,1930-11-15,72,215,Northern Colorado,,,,,,,,,,2,"https://static.www.nfl.com/image/private/f_auto,q_auto/league/i888g5yqicglgieaw45w"
1954,LA,OL,OT,0,ACT,Bobby Cross,Robert,Cross,1931-04-04,76,250,Northern Colorado,,,,,,,,,,2,"https://static.www.nfl.com/image/private/f_auto,q_auto/league/xjdnfs1elcox1uppm7gm"
1954,LA,OL,OT,0,ACT,Tom Dahms,Thomas,Dahms,1927-04-19,77,240,Northern Colorado,,,,,,,,,,4,"https://static.www.nfl.com/image/private/f_auto,q_auto/league/ptxvkhoc2yxxsnxntqhc"
1954,LA,OL,C,0,ACT,Leon McLaughlin,Leon,McLaughlin,1925-05-30,74,228,Northern Colorado,,,,,,,,,,4,"https://static.www.nfl.com/image/private/f_auto,q_auto/league/d8yovmz9sjiusgdwdobf"
1954,LA,OL,G,0,ACT,Duane Putnam,Duane,Putnam,1928-09-05,72,230,Northern Colorado,,,,,,,,,,3,"https://static.www.nfl.com/image/private/f_auto,q_auto/league/nmzzphibxjvsfxnuatsl"
1954,LA,OL,G,0,ACT,Harry Thompson,Harry,Thompson,1926-01-08,74,225,Northern Colorado,,,,,,,,,,5,"https://static.www.nfl.com/image/private/f_auto,q_auto/league/kbywwk8etozni0b0dlq7"
1954,LA,QB,QB,0,ACT,Norm Van Brocklin,Norman,Van Brocklin,1926-03-15,73,195,Northern Colorado,,,,,,,,,,6,"https://static.www.nfl.com/image/private/f_auto,q_auto/league/s9ms7gyabmyomwq2slch"
1954,LA,QB,QB,0,ACT,Billy Wade,William,Wade,1930-10-04,74,202,Northern Colorado,,,,,,,,,,0,"https://static.www.nfl.com/image/private/f_auto,q_auto/league/ibudvsmnbn0fr3nscwxl"
1954,LA,RB,HB,0,ACT,Tom McCormick,Thomas,McCormick,1930-05-16,71,180,Northern Colorado,,,,,,,,,,2,"https://static.www.nfl.com/image/private/f_auto,q_auto/league/rgylvwejicddu91zgloe"
1954,LA,RB,HB,0,ACT,Skeets Quinlan,Volney,Quinlan,1928-06-22,71,173,Northern Colorado,,,,,,,,,,3,"https://static.www.nfl.com/image/private/f_auto,q_auto/league/qczpgdtbybtz76cvy8wv"
1954,LA,RB,FB,0,ACT,Dan Towler,Daniel,Towler,1928-03-06,74,226,Northern Colorado,,,,,,,,,,5,"https://static.www.nfl.com/image/private/f_auto,q_auto/league/g2mdhe36isy4jm9adlls"
1954,LA,RB,FB,0,ACT,Tank Younger,Paul,Younger,1928-06-25,75,226,Northern Colorado,,,,,,,,,,6,"https://static.www.nfl.com/image/private/f_auto,q_auto/league/xopcr3tlthklydatsfpe"
1954,LA,WR,WR,0,ACT,Bob Carey,Robert,Carey,1930-02-08,77,224,Northern Colorado,,,,,,,,,,2,"https://static.www.nfl.com/image/private/f_auto,q_auto/league/hlvk8och4nhgzrpylubp"
1954,LA,WR,WR,0,ACT,Tom Fears,Thomas,Fears,1922-12-03,74,215,Northern Colorado,,,,,,,,,,7,"https://static.www.nfl.com/image/private/f_auto,q_auto/league/foasuyvgegbugpq42b97"
1954,LA,,,0,ACT,Stan West,Stanley,West,1926-09-22,74,235,Northern Colorado,,,,,,,,,,5,"https://static.www.nfl.com/image/private/f_auto,q_auto/league/x8tp4qz9hm9c9aocucva"
1954,NY,DB,DB,0,ACT,Tom Landry,Thomas,Landry,1924-09-11,73,195,Northern Colorado,,,,,,,,,,5,"https://static.www.nfl.com/image/private/f_auto,q_auto/league/ueoslnstmihfhfgpx6by"
1954,NY,DB,DB,0,ACT,Dick Nolan,Richard,Nolan,1932-03-26,73,185,Northern Colorado,,,,,,,,,,0,"https://static.www.nfl.com/image/private/f_auto,q_auto/league/gyw4fy96rezxqjye3sgt"
1954,NY,DB,DB,0,ACT,Herb Rich,Herbert,Rich,1928-10-07,71,180,Northern Colorado,,,,,,,,,,5,"https://static.www.nfl.com/image/private/f_auto,q_auto/league/bvo2syaqwrnxdgjxlov2"
1954,NY,DB,DB,0,ACT,Emlen Tunnell,Emlen,Tunnell,1925-03-29,73,185,Northern Colorado,,,,,,,,,,7,"https://static.www.nfl.com/image/private/f_auto,q_auto/league/gg3rzk0cvhfyakus8v8y"
1954,NY,DL,DT,0,ACT,Russ Carroccio,Russell,Carroccio,1931-04-28,73,235,Northern Colorado,,,,,,,,,,0,"https://static.www.nfl.com/image/private/f_auto,q_auto/league/bt2rj3fmvrll6qgzpnn7"
1954,NY,DL,DT,0,ACT,Ray Collins,Alvin,Collins,1927-08-04,71,250,Northern Colorado,,,,,,,,,,4,"https://static.www.nfl.com/image/private/f_auto,q_auto/league/bah550bw3y0cbrc1fg1r"
1954,NY,DL,DT,0,ACT,Ray Krouse,Raymond,Krouse,1927-03-21,75,275,Northern Colorado,,,,,,,,,,4,"https://static.www.nfl.com/image/private/f_auto,q_auto/league/k4zhnkio2bhuymp283i0"
1954,NY,DL,E,0,ACT,Ken MacAfee,Kenneth,MacAfee,1929-08-31,74,215,Northern Colorado,,,,,,,,,,0,"https://static.www.nfl.com/image/private/f_auto,q_auto/league/dcc32brq4xdug76ghfxk"
1954,NY,DL,E,0,ACT,Barney Poole,George,Poole,1923-10-29,74,231,Northern Colorado,,,,,,,,,,5,"https://static.www.nfl.com/image/private/f_auto,q_auto/league/znsfwvumna0ts8yapunv"
1954,NY,DL,E,0,ACT,Kyle Rote,William,Rote,1927-10-27,72,195,Northern Colorado,,,,,,,,,,4,"https://static.www.nfl.com/image/private/f_auto,q_auto/league/ghkgym6bm5o2wm01669k"
1954,NY,DL,E,0,ACT,Bob Schnelker,Robert,Schnelker,1928-10-17,75,215,Northern Colorado,,,,,,,,,,2,"https://static.www.nfl.com/image/private/f_auto,q_auto/league/yzsovesaqbtxps5quh0n"
1954,NY,DL,DT,0,ACT,Billy Shipp,William,Shipp,1929-10-16,77,275,Northern Colorado,,,,,,,,,,0,"https://static.www.nfl.com/image/private/f_auto,q_auto/league/lsg8isu90vui2kwum0un"
1954,NY,DL,E,0,ACT,Bob Topp,Eugene,Topp,1932-04-22,74,180,Northern Colorado,,,,,,,,,,0,"https://static.www.nfl.com/image/private/f_auto,q_auto/league/lamckmmtsgllcpcp0mx2"
1954,NY,DL,E,0,ACT,Dick Wilkins,Richard,Wilkins,1925-09-28,74,194,Northern Colorado,,,,,,,,,,2,"https://static.www.nfl.com/image/private/f_auto,q_auto/league/yurevqqk6joropyfqyru"
1954,NY,LB,LB,0,ACT,Bill Albright,William,Albright,1929-04-04,73,233,Northern Colorado,,,,,,,,,,4,"https://static.www.nfl.com/image/private/f_auto,q_auto/league/q2zqn6phtyyeia7tcxka"
1954,NY,LB,LB,0,ACT,John Cannady,John,Cannady,1923-05-09,74,227,Northern Colorado,,,,,,,,,,8,"https://static.www.nfl.com/image/private/f_auto,q_auto/league/joucbxbvsmrd42wunhib"
1954,NY,LB,LB,0,ACT,Pat Knight,Jon,Knight,1929-05-14,74,210,Northern Colorado,,,,,,,,,,2,"https://static.www.nfl.com/image/private/f_auto,q_auto/league/ukzeytjdzyayehy2lcsx"
1954,NY,LB,LB,0,ACT,Cliff Livingston,Clifford,Livingston,1930-07-02,75,215,Northern Colorado,,,,,,,,,,0,"https://static.www.nfl.com/image/private/f_auto,q_auto/league/hywshahxfbchvcep8sjj"
1954,NY,LB,LB,0,ACT,Pete Mangum,Ernest,Mangum,1931-01-17,72,220,Northern Colorado,,,,,,,,,,0,"https://static.www.nfl.com/image/private/f_auto,q_auto/league/mzdujccae58pmvarie03"
1954,NY,LB,LB,0,ACT,Bill Svoboda,William,Svoboda,1928-07-12,72,210,Northern Colorado,,,,,,,,,,5,"https://static.www.nfl.com/image/private/f_auto,q_auto/league/xgxoobveqkqd5imsn3zd"
1954,NY,OL,G,0,ACT,Bill Austin,William,Austin,1928-10-18,73,225,Northern Colorado,,,,,,,,,,4,"https://static.www.nfl.com/image/private/f_auto,q_auto/league/oshzuhibmmlmlwnrhcza"
1954,NY,OL,G,0,ACT,John Bauer,John,Bauer,1932-03-11,75,235,Northern Colorado,,,,,,,,,,0,"https://static.www.nfl.com/image/private/f_auto,q_auto/league/evuiynlg1z9xppr6ookh"
1954,NY,OL,OT,0,ACT,Rosey Brown,Roosevelt,Brown,1932-10-20,75,255,Northern Colorado,,,,,,,,,,2,"https://static.www.nfl.com/image/private/f_auto,q_auto/league/aefqj0iqdh6f2wogpylg"
1954,NY,OL,G,0,ACT,George Kennard,George,Kennard,1928-01-08,72,215,Northern Colorado,,,,,,,,,,3,"https://static.www.nfl.com/image/private/f_auto,q_auto/league/y9apa9ndl7f4tnkiknqp"
1954,NY,OL,C,0,ACT,Johnny Rapacz,John,Rapacz,1924-04-25,76,252,Northern Colorado,,,,,,,,,,5,"https://static.www.nfl.com/image/private/f_auto,q_auto/league/hptvsya4xczexoy4glk3"
1954,NY,OL,G,0,ACT,Jack Stroud,Jack,Stroud,1928-01-29,73,250,Northern Colorado,,,,,,,,,,2,"https://static.www.nfl.com/image/private/f_auto,q_auto/league/qh2oscjbznr0x14baffd"
1954,NY,OL,C,0,ACT,Ray Wietecha,Raymond,Wietecha,1928-11-04,73,225,Northern Colorado,,,,,,,,,,2,"https://static.www.nfl.com/image/private/f_auto,q_auto/league/vkxxlkxwa86u7vzvjvoe"
1954,NY,OL,OT,0,ACT,Dick Yelvington,Richard,Yelvington,1928-07-27,74,230,Northern Colorado,,,,,,,,,,3,"https://static.www.nfl.com/image/private/f_auto,q_auto/league/kehm6xald5jhozpqaydh"
1954,NY,QB,QB,0,ACT,Bobby Clatterbuck,Bobby,Clatterbuck,1932-07-03,75,195,Northern Colorado,,,,,,,,,,0,"https://static.www.nfl.com/image/private/f_auto,q_auto/league/mis5jk3ddynurnyyuoum"
1954,NY,QB,QB,0,ACT,Charlie Conerly,Charles,Conerly,1921-09-19,73,185,Northern Colorado,,,,,,,,,,7,"https://static.www.nfl.com/image/private/f_auto,q_auto/league/fspnwbrvviikpsbwv1gz"
1954,NY,QB,QB,0,ACT,Don Heinrich,Donald,Heinrich,1930-09-19,72,180,Northern Colorado,,,,,,,,,,0,"https://static.www.nfl.com/image/private/f_auto,q_auto/league/othgdgvq9blq3ccoz7ax"
1954,NY,RB,HB,0,ACT,Wayne Berry,Wayne,Berry,1931-08-02,72,175,Northern Colorado,,,,,,,,,,0,"https://static.www.nfl.com/image/private/f_auto,q_auto/league/syz2qevxaharte6mnotz"
1954,NY,RB,FB,0,ACT,Bobby Epps,Robert,Epps,1932-03-25,69,195,Northern Colorado,,,,,,,,,,0,"https://static.www.nfl.com/image/private/f_auto,q_auto/league/y9s3lghtmwa9zaqlwefk"
1954,NY,RB,HB,0,ACT,Frank Gifford,Frank,Gifford,1930-08-16,73,196,Northern Colorado,,,,,,,,,,3,"https://static.www.nfl.com/image/private/f_auto,q_auto/league/x0thvolbbc8apebrjmmr"
1954,NY,RB,HB,0,ACT,Herb Johnson,Herbert,Johnson,1928-07-10,70,172,Northern Colorado,,,,,,,,,,0,"https://static.www.nfl.com/image/private/f_auto,q_auto/league/i6fpfyxz3lrgtcnyybew"
1954,NY,RB,HB,0,ACT,Buford Long,Buford,Long,1931-12-14,73,195,Northern Colorado,,,,,,,,,,2,"https://static.www.nfl.com/image/private/f_auto,q_auto/league/hiptq92sidszylzlz3vq"
1954,NY,RB,FB,0,ACT,Eddie Price,Edward,Price,1925-09-02,71,190,Northern Colorado,,,,,,,,,,5,"https://static.www.nfl.com/image/private/f_auto,q_auto/league/ajwfxcywq4ro1vygfph4"
1954,NY,SPEC,K,0,ACT,Ben Agajanian,Benjamin,Agajanian,1919-08-28,72,215,Northern Colorado,,,,,,,,,,4,"https://static.www.nfl.com/image/private/f_auto,q_auto/league/ut8gmng1hghnkspa96dw"
1954,PHI,DB,DB,0,ACT,Roy Barni,Roy,Barni,1927-02-15,71,185,Northern Colorado,,,,,,,,,,3,"https://static.www.nfl.com/image/private/f_auto,q_auto/league/dg2cifcyiacy006syu9j"
1954,PHI,DB,DB,0,ACT,Bob Hudson,Robert,Hudson,1930-04-05,76,230,Northern Colorado,,,,,,,,,,4,"https://static.www.nfl.com/image/private/f_auto,q_auto/league/lpaoa2wfjv2nkooysnrp"
1954,PHI,DB,DB,0,ACT,Jerry Norton,Jerry,Norton,1931-05-16,71,195,Northern Colorado,,,,,,,,,,0,"https://static.www.nfl.com/image/private/f_auto,q_auto/league/e5zuqkjfotwakpsopfvr"
1954,PHI,DB,DB,0,ACT,Bill Roffler,William,Roffler,1930-09-16,73,200,Northern Colorado,,,,,,,,,,0,"https://static.www.nfl.com/image/private/f_auto,q_auto/league/f1dt2gpqe1xji03r9xis"
1954,PHI,DL,DT,0,ACT,Mike Jarmoluk,Michael,Jarmoluk,1922-10-22,77,250,Northern Colorado,,,,,,,,,,9,"https://static.www.nfl.com/image/private/f_auto,q_auto/league/j11hozvdnobmxklxfxul"
1954,PHI,DL,E,0,ACT,Don Luft,Donald,Luft,1930-02-14,77,220,Northern Colorado,,,,,,,,,,0,"https://static.www.nfl.com/image/private/f_auto,q_auto/league/vugeikml97jikz1aciti"
1954,PHI,DL,E,0,ACT,Pete Pihos,Peter,Pihos,1923-10-22,73,205,Northern Colorado,,,,,,,,,,8,"https://static.www.nfl.com/image/private/f_auto,q_auto/league/nybojbwpcowpdnmro79k"
1954,PHI,DL,DT,0,ACT,Jess Richardson,Jesse,Richardson,1930-08-18,74,262,Northern Colorado,,,,,,,,,,2,"https://static.www.nfl.com/image/private/f_auto,q_auto/league/nu6yvcicrxekxwzu61hz"
1954,PHI,DL,DE,0,ACT,Norm Willey,Norman,Willey,1927-08-22,74,225,Northern Colorado,,,,,,,,,,5,"https://static.www.nfl.com/image/private/f_auto,q_auto/league/qzfcyc8uxnempx4a28rf"
1954,PHI,LB,LB,0,ACT,Chuck Bednarik,Charles,Bednarik,1925-05-01,75,235,Northern Colorado,,,,,,,,,,6,"https://static.www.nfl.com/image/private/f_auto,q_auto/league/pvotya8gt66ttrf5zsdb"
1954,PHI,LB,LB,0,ACT,Wayne Robinson,Wayne,Robinson,1930-01-14,74,220,Northern Colorado,,,,,,,,,,3,"https://static.www.nfl.com/image/private/f_auto,q_auto/league/gnd34xogioa5by1t5jg8"
1954,PHI,LB,LB,0,ACT,Tom Scott,Thomas,Scott,1930-09-03,74,220,Northern Colorado,,,,,,,,,,2,"https://static.www.nfl.com/image/private/f_auto,q_auto/league/cjyrookholxzjxztwb2k"
1954,PHI,OL,OT,0,TRT,Gus Cifelli,August,Cifelli,1926-02-03,76,244,Northern Colorado,,,,,,,,,,5,"https://static.www.nfl.com/image/private/f_auto,q_auto/league/t4qjq02na2ew8rxkxgfp"
1954,PHI,OL,C,0,ACT,Ken Farragut,Kenneth,Farragut,1928-12-23,76,240,Northern Colorado,,,,,,,,,,4,"https://static.www.nfl.com/image/private/f_auto,q_auto/league/qnmbbze7em5u4q7vpezl"
1954,PHI,OL,OT,0,ACT,Tom Higgins,Thomas,Higgins,1930-02-26,74,230,Northern Colorado,,,,,,,,,,2,"https://static.www.nfl.com/image/private/f_auto,q_auto/league/obcdbx3tpmdez1n44kk6"
1954,PHI,OL,G,0,ACT,Ken Huxhold,Kenneth,Huxhold,1929-08-10,73,235,Northern Colorado,,,,,,,,,,0,"https://static.www.nfl.com/image/private/f_auto,q_auto/league/oh4acykb4rla51b94vxv"
1954,PHI,OL,G,0,ACT,Bucko Kilroy,Francis,Kilroy,1921-05-30,74,240,Northern Colorado,,,,,,,,,,12,"https://static.www.nfl.com/image/private/f_auto,q_auto/league/n6zkpaxwfjmou2m0c9pu"
1954,PHI,OL,G,0,ACT,John Magee,John,Magee,1923-07-21,70,220,Northern Colorado,,,,,,,,,,7,"https://static.www.nfl.com/image/private/f_auto,q_auto/league/qyy7otuvmucoxk8k729b"
1954,PHI,OL,G,0,ACT,Menil Mavraides,Astromenil,Mavraides,1931-11-17,73,235,Northern Colorado,,,,,,,,,,0,"https://static.www.nfl.com/image/private/f_auto,q_auto/league/jdbzzsj93tsmjiijoq4m"
1954,PHI,OL,OT,0,ACT,Lum Snyder,Kenneth,Snyder,1930-08-12,77,230,Northern Colorado,,,,,,,,,,3,"https://static.www.nfl.com/image/private/f_auto,q_auto/league/tiu8j6tfy9cdqkmhjpar"
1954,PHI,OL,OT,0,ACT,Frank Wydo,Frank,Wydo,1924-06-15,76,235,Northern Colorado,,,,,,,,,,8,"https://static.www.nfl.com/image/private/f_auto,q_auto/league/klyp2tqiahbo34uakgz8"
1954,PHI,QB,QB,0,ACT,Adrian Burk,Adrian,Burk,1927-12-14,74,190,Northern Colorado,,,,,,,,,,5,"https://static.www.nfl.com/image/private/f_auto,q_auto/league/zzwu3ayoee2hifvtzj7k"
1954,PHI,QB,QB,0,ACT,Bobby Thomason,Robert,Thomason,1928-03-26,73,195,Northern Colorado,,,,,,,,,,5,"https://static.www.nfl.com/image/private/f_auto,q_auto/league/nttahpufnpbjqqkehmav"
1954,PHI,RB,HB,0,ACT,Harry Dowda,Harry,Dowda,1922-12-29,74,199,Northern Colorado,,,,,,,,,,6,"https://static.www.nfl.com/image/private/f_auto,q_auto/league/mdrmitfwpeouieqiofjn"
1954,PHI,RB,HB,0,ACT,Hal Giancanelli,Harold,Giancanelli,1929-05-21,70,179,Northern Colorado,,,,,,,,,,2,"https://static.www.nfl.com/image/private/f_auto,q_auto/league/mz7nsq9r7dbkv4jfvrti"
1954,PHI,RB,HB,0,ACT,Ralph Goldston,Ralph,Goldston,1929-02-25,71,195,Northern Colorado,,,,,,,,,,2,"https://static.www.nfl.com/image/private/f_auto,q_auto/league/vmdflj23vuimuqtfjrbm"
1954,PHI,RB,HB,0,ACT,Don Johnson,Donald,Johnson,1931-10-31,72,187,Northern Colorado,,,,,,,,,,2,"https://static.www.nfl.com/image/private/f_auto,q_auto/league/veqcrrncbzurkxohgtqr"
1954,PHI,RB,HB,0,ACT,Toy Ledbetter,Toy,Ledbetter,1927-10-30,70,200,Northern Colorado,,,,,,,,,,3,"https://static.www.nfl.com/image/private/f_auto,q_auto/league/qoz7emdusyri5bjp0mbz"
1954,PHI,RB,HB,0,ACT,Don Miller,Don,Miller,1932-05-24,74,195,Northern Colorado,,,,,,,,,,0,"https://static.www.nfl.com/image/private/f_auto,q_auto/league/grrlgpvqilzxyobxrc8o"
1954,PHI,RB,HB,0,ACT,Dom Moselle,Dominic,Moselle,1926-06-03,72,192,Northern Colorado,,,,,,,,,,4,"https://static.www.nfl.com/image/private/f_auto,q_auto/league/po9wwu4nyd5mv5g6ycwy"
1954,PHI,RB,HB,0,ACT,Jim Parmer,James,Parmer,1926-04-25,72,195,Northern Colorado,,,,,,,,,,7,"https://static.www.nfl.com/image/private/f_auto,q_auto/league/thldr5uti0zu3usgmgxf"
1954,PHI,RB,HB,0,ACT,Don Stevens,Donald,Stevens,1928-05-25,69,176,Northern Colorado,,,,,,,,,,2,"https://static.www.nfl.com/image/private/f_auto,q_auto/league/embsm7trg1948ekuuvx7"
1954,PHI,RB,HB,0,ACT,Jerry Williams,Jerry,Williams,1923-11-01,70,175,Northern Colorado,,,,,,,,,,6,"https://static.www.nfl.com/image/private/f_auto,q_auto/league/aslrhz6pagmpagn7zo80"
1954,PHI,RB,FB,0,ACT,Neil Worden,Neil,Worden,1931-07-01,70,205,Northern Colorado,,,,,,,,,,0,"https://static.www.nfl.com/image/private/f_auto,q_auto/league/bjpwpdlzzpkyhndb1p6r"
1954,PHI,WR,WR,0,ACT,Bobby Walston,Robert,Walston,1928-10-17,72,191,Northern Colorado,,,,,,,,,,4,"https://static.www.nfl.com/image/private/f_auto,q_auto/league/ngw2azdkwhdnjy7wex0w"
1954,PHI,,,0,ACT,Ed Sharkey,Edward,Sharkey,1927-07-06,75,229,Northern Colorado,,,,,,,,,,4,"https://static.www.nfl.com/image/private/f_auto,q_auto/league/gtj7pibndmvvxvffyftr"
1954,PIT,DB,DB,0,ACT,Jack Butler,John,Butler,1927-11-12,73,195,Northern Colorado,,,,,,,,,,4,"https://static.www.nfl.com/image/private/f_auto,q_auto/league/y9nxuuxyl0elz2xsqj8s"
1954,PIT,DB,DB,0,ACT,Paul Cameron,Paul,Cameron,1932-10-04,72,185,Northern Colorado,,,,,,,,,,0,"https://static.www.nfl.com/image/private/f_auto,q_auto/league/glqtrmkcybzawrxsplts"
1954,PIT,DB,DB,0,ACT,Russ Craft,William,Craft,1919-10-15,69,178,Northern Colorado,,,,,,,,,,9,"https://static.www.nfl.com/image/private/f_auto,q_auto/league/vfdxmwkte0vtdvnzpueh"
1954,PIT,DB,DB,0,ACT,Ed Kissell,Edward,Kissell,1929-09-29,73,193,Northern Colorado,,,,,,,,,,2,"https://static.www.nfl.com/image/private/f_auto,q_auto/league/bbikcsru1si9uyjdzeza"
1954,PIT,DB,DB,0,ACT,Dewey McConnell,Dewey,McConnell,1930-01-26,72,190,Northern Colorado,,,,,,,,,,0,"https://static.www.nfl.com/image/private/f_auto,q_auto/league/nzqyuqv6qvatjecsemq3"
1954,PIT,DL,DE,0,ACT,Dewey Brundage,Jean,Brundage,1931-10-01,75,210,Northern Colorado,,,,,,,,,,0,"https://static.www.nfl.com/image/private/f_auto,q_auto/league/dzbyb0l43yglesj6g6d3"
1954,PIT,DL,DT,0,ACT,Lou Ferry,Louis,Ferry,1927-12-01,74,245,Northern Colorado,,,,,,,,,,5,"https://static.www.nfl.com/image/private/f_auto,q_auto/league/wrxp9if8hvabh86lki51"
1954,PIT,DL,DT,0,ACT,Joe Matesic,Joseph,Matesic,1927-11-10,76,250,Northern Colorado,,,,,,,,,,0,"https://static.www.nfl.com/image/private/f_auto,q_auto/league/zklvh41cjtgfwewp0fxc"
1954,PIT,DL,E,0,ACT,Ray Mathews,Raymond,Mathews,1929-02-26,72,190,Northern Colorado,,,,,,,,,,4,"https://static.www.nfl.com/image/private/f_auto,q_auto/league/a8xifvodsaqjgysyaxtd"
1954,PIT,DL,DE,0,ACT,Bill McPeak,William,McPeak,1926-07-24,73,200,Northern Colorado,,,,,,,,,,6,"https://static.www.nfl.com/image/private/f_auto,q_auto/league/hpyaehodzy4nt7zboejm"
1954,PIT,DL,E,0,ACT,Elbie Nickel,Elbert,Nickel,1922-12-28,73,195,Northern Colorado,,,,,,,,,,8,"https://static.www.nfl.com/image/private/f_auto,q_auto/league/asitphlw8ahhuebgacls"
1954,PIT,DL,E,0,ACT,Jack O'Brien,Jack,O'Brien,1932-10-21,74,215,Northern Colorado,,,,,,,,,,0,"https://static.www.nfl.com/image/private/f_auto,q_auto/league/qsco95w2r8jffsjzc497"
1954,PIT,DL,DT,0,ACT,Ernie Stautner,Ernest,Stautner,1925-04-20,73,235,Northern Colorado,,,,,,,,,,5,"https://static.www.nfl.com/image/private/f_auto,q_auto/league/fqlrba1jzg3y1zbrbn6r"
1954,PIT,DL,E,0,ACT,George Sulima,George,Sulima,1928-02-27,74,200,Northern Colorado,,,,,,,,,,3,"https://static.www.nfl.com/image/private/f_auto,q_auto/league/i7d1jr7uwe0s8ag3v0on"
1954,PIT,DL,DE,0,ACT,Joe Zombek,Joseph,Zombek,1932-12-24,73,195,Northern Colorado,,,,,,,,,,0,"https://static.www.nfl.com/image/private/f_auto,q_auto/league/oo4tw6skmo9cmjylmvu1"
1954,PIT,LB,LB,0,ACT,Dick Flanagan,Richard,Flanagan,1926-10-31,72,220,Northern Colorado,,,,,,,,,,7,"https://static.www.nfl.com/image/private/f_auto,q_auto/league/dpbf7qpqyynpvugojrwu"
1954,PIT,LB,LB,0,ACT,Stan Sheriff,Bruce,Sheriff,1932-04-24,73,218,Northern Colorado,,,,,,,,,,0,"https://static.www.nfl.com/image/private/f_auto,q_auto/league/wlxcw2yekry6xp6bum8j"
1954,PIT,LB,LB,0,ACT,Lou Tepe,Louis,Tepe,1930-06-18,74,205,Northern Colorado,,,,,,,,,,2,"https://static.www.nfl.com/image/private/f_auto,q_auto/league/bl8jwt9sdifesrchopa0"
1954,PIT,OL,G,0,ACT,Rudy Andabaker,Rudolph,Andabaker,1928-08-01,71,196,Northern Colorado,,,,,,,,,,2,"https://static.www.nfl.com/image/private/f_auto,q_auto/league/dfjhirwucjlvinxcyigu"
1954,PIT,OL,OT,0,ACT,Nick Bolkovac,Nicholas,Bolkovac,1928-03-20,73,230,Northern Colorado,,,,,,,,,,2,"https://static.www.nfl.com/image/private/f_auto,q_auto/league/qwscg1a4yinp3bpfjsmm"
1954,PIT,OL,OT,0,TRC,Ernie Cheatham,Ernest,Cheatham,1929-07-26,76,255,Northern Colorado,,,,,,,,,,0,"https://static.www.nfl.com/image/private/f_auto,q_auto/league/htjs2qvhp6l2saylggtu"
1954,PIT,OL,OT,0,ACT,Gus Cifelli,August,Cifelli,1926-02-03,76,244,Northern Colorado,,,,,,,,,,5,"https://static.www.nfl.com/image/private/f_auto,q_auto/league/t4qjq02na2ew8rxkxgfp"
1954,PIT,OL,OT,0,ACT,Bob Gaona,Robert,Gaona,1931-01-03,75,245,Northern Colorado,,,,,,,,,,2,"https://static.www.nfl.com/image/private/f_auto,q_auto/league/z7vdsregrafbflqzsvyp"
1954,PIT,OL,OT,0,ACT,George Hughes,George,Hughes,1925-08-19,73,225,Northern Colorado,,,,,,,,,,5,"https://static.www.nfl.com/image/private/f_auto,q_auto/league/dgxruem1j9miil6j2ifs"
1954,PIT,OL,G,0,ACT,Pete Ladygo,Peter,Ladygo,1925-06-23,74,218,Northern Colorado,,,,,,,,,,2,"https://static.www.nfl.com/image/private/f_auto,q_auto/league/kmalcggrqyy9okt9fe50"
1954,PIT,OL,OT,0,ACT,Tom Palmer,Thomas,Palmer,1929-08-12,74,240,Northern Colorado,,,,,,,,,,2,"https://static.www.nfl.com/image/private/f_auto,q_auto/league/j4fphbplp8e4drh8garz"
1954,PIT,OL,G,0,ACT,John Schweder,John,Schweder,1927-12-23,73,225,Northern Colorado,,,,,,,,,,5,"https://static.www.nfl.com/image/private/f_auto,q_auto/league/zf9kww0rf2nllsfnuhwq"
1954,PIT,OL,C,0,ACT,Bill Walsh,William,Walsh,1927-09-08,74,230,Northern Colorado,,,,,,,,,,6,"https://static.www.nfl.com/image/private/f_auto,q_auto/league/nvsomutsepiodcna62kd"
1954,PIT,QB,QB,0,ACT,Pat Brady,Patrick,Brady,1926-09-07,73,195,Northern Colorado,,,,,,,,,,3,"https://static.www.nfl.com/image/private/f_auto,q_auto/league/zq0qgivgqzdy1zoxg44f"
1954,PIT,QB,QB,0,ACT,Jim Finks,James,Finks,1927-08-31,71,175,Northern Colorado,,,,,,,,,,6,"https://static.www.nfl.com/image/private/f_auto,q_auto/league/gnggi7xyvqvproek4aai"
1954,PIT,QB,QB,0,ACT,Paul Held,Paul,Held,1927-10-20,74,194,Northern Colorado,,,,,,,,,,0,"https://static.www.nfl.com/image/private/f_auto,q_auto/league/c8bsymbva0pffmgkdweo"
1954,PIT,RB,HB,0,ACT,Jim Brandt,James,Brandt,1929-05-19,73,205,Northern Colorado,,,,,,,,,,3,"https://static.www.nfl.com/image/private/f_auto,q_auto/league/hqhtwp0dubf59qr8n2v1"
1954,PIT,RB,HB,0,ACT,Tom Calvin,Thomas,Calvin,1926-06-13,72,200,Northern Colorado,,,,,,,,,,3,"https://static.www.nfl.com/image/private/f_auto,q_auto/league/t7jyf2vhkj4sp2j0pvfe"
1954,PIT,RB,HB,0,ACT,Lynn Chandnois,Lynn,Chandnois,1925-02-24,74,195,Northern Colorado,,,,,,,,,,5,"https://static.www.nfl.com/image/private/f_auto,q_auto/league/sql27w4klgsow9ichbom"
1954,PIT,RB,FB,0,ACT,Leo Elter,Leo,Elter,1929-10-21,70,205,Northern Colorado,,,,,,,,,,2,"https://static.www.nfl.com/image/private/f_auto,q_auto/league/txipcs6ka3ngjdro4u7p"
1954,PIT,RB,HB,0,ACT,Johnny Lattner,John,Lattner,1932-10-24,73,195,Northern Colorado,,,,,,,,,,0,"https://static.www.nfl.com/image/private/f_auto,q_auto/league/cveorwecltk79oe3ih2j"
1954,PIT,RB,FB,0,ACT,Fran Rogel,Francis,Rogel,1927-12-12,71,205,Northern Colorado,,,,,,,,,,5,"https://static.www.nfl.com/image/private/f_auto,q_auto/league/jyio7cuaxao5tqcp1t6v"
1954,PIT,RB,HB,0,ACT,Burrell Shields,Burrell,Shields,1929-09-06,74,200,Northern Colorado,,,,,,,,,,0,"https://static.www.nfl.com/image/private/f_auto,q_auto/league/b3ci85zrrk0w0flgzzxf"
1954,PIT,,,0,ACT,Dale Dodrill,Dale,Dodrill,1926-02-27,73,215,Northern Colorado,,,,,,,,,,4,"https://static.www.nfl.com/image/private/f_auto,q_auto/league/rvdbvyucynaq7mk5jm5m"
1954,SF,DB,DB,0,ACT,Rex Berry,Charles,Berry,1924-09-09,71,180,Northern Colorado,,,,,,,,,,4,"https://static.www.nfl.com/image/private/f_auto,q_auto/league/j8lcnch8gnwxafo0u3e6"
1954,SF,DB,DB,0,ACT,Floyd Sagely,Floyd,Sagely,1932-03-26,73,190,Northern Colorado,,,,,,,,,,0,"https://static.www.nfl.com/image/private/f_auto,q_auto/league/buraxjuymbrgdmozdrtw"
1954,SF,DB,DB,0,ACT,Johnny Williams,John,Williams,1927-06-30,71,177,Northern Colorado,,,,,,,,,,3,"https://static.www.nfl.com/image/private/f_auto,q_auto/league/ndks7jmndhccfkpajvpf"
1954,SF,DL,E,0,ACT,Harry Babcock,Harry,Babcock,1930-08-12,74,195,Northern Colorado,,,,,,,,,,2,"https://static.www.nfl.com/image/private/f_auto,q_auto/league/f9jfj3t6ypkkgjmovhe4"
1954,SF,DL,DE,0,ACT,Jack Brumfield,Jackson,Brumfield,1931-05-01,74,215,Northern Colorado,,,,,,,,,,0,"https://static.www.nfl.com/image/private/f_auto,q_auto/league/sndandcagu9bhy6fadjv"
1954,SF,DL,DE,0,ACT,Marion Campbell,Francis,Campbell,1929-05-25,75,255,Northern Colorado,,,,,,,,,,0,"https://static.www.nfl.com/image/private/f_auto,q_auto/league/ozgcl5ukompqpgea0prv"
1954,SF,DL,DT,0,ACT,Al Carapella,Alfred,Carapella,1927-04-26,72,235,Northern Colorado,,,,,,,,,,4,"https://static.www.nfl.com/image/private/f_auto,q_auto/league/il1uoihbiv2qzkwjx24y"
1954,SF,DL,E,0,ACT,Bill Jessup,William,Jessup,1929-03-17,73,195,Northern Colorado,,,,,,,,,,3,"https://static.www.nfl.com/image/private/f_auto,q_auto/league/pqqyjeftgofyej79xb7n"
1954,SF,DL,DE,0,ACT,Clay Matthews,William,Matthews,1928-08-01,75,220,Northern Colorado,,,,,,,,,,3,"https://static.www.nfl.com/image/private/f_auto,q_auto/league/gnmpuixn6xir2f8idcuw"
1954,SF,DL,DT,0,ACT,Leo Nomellini,Leo,Nomellini,1924-06-19,75,264,Northern Colorado,,,,,,,,,,5,"https://static.www.nfl.com/image/private/f_auto,q_auto/league/pe69xngd2npptx7inn33"
1954,SF,DL,DT,0,ACT,Bob Toneff,Robert,Toneff,1930-06-23,74,270,Northern Colorado,,,,,,,,,,2,"https://static.www.nfl.com/image/private/f_auto,q_auto/league/xyfkbnp0c8o2kewbo8ry"
1954,SF,DL,E,0,ACT,Billy Wilson,William,Wilson,1927-02-03,75,190,Northern Colorado,,,,,,,,,,4,"https://static.www.nfl.com/image/private/f_auto,q_auto/league/s735sitgdnb2alghktca"
1954,SF,LB,LB,0,ACT,Pete Brown,Samuel,Brown,1930-12-19,74,210,Northern Colorado,,,,,,,,,,2,"https://static.www.nfl.com/image/private/f_auto,q_auto/league/ojjfa2ievhu2yam5zeve"
1954,SF,LB,LB,0,ACT,Pete Wissman,Lawrence,Wissman,1923-10-09,72,215,Northern Colorado,,,,,,,,,,4,"https://static.www.nfl.com/image/private/f_auto,q_auto/league/elevdxnmgkd7adtwo19f"
1954,SF,OL,G,0,ACT,Bruno Banducci,Bruno,Banducci,1920-11-11,71,216,Northern Colorado,,,,,,,,,,7,"https://static.www.nfl.com/image/private/f_auto,q_auto/league/l7oep1ep65e4ntakmoqh"
1954,SF,OL,G,0,ACT,Ted Connolly,Theodore,Connolly,1931-12-05,75,242,Northern Colorado,,,,,,,,,,0,"https://static.www.nfl.com/image/private/f_auto,q_auto/league/gwddc1kx8ylehcwfvwf6"
1954,SF,OL,G,0,ACT,Nick Feher,Nicholas,Feher,1926-07-13,72,225,Northern Colorado,,,,,,,,,,4,"https://static.www.nfl.com/image/private/f_auto,q_auto/league/aajc3ps6i9iqrltrmaud"
1954,SF,OL,G,0,ACT,Bob Hantla,Robert,Hantla,1931-10-03,73,220,Northern Colorado,,,,,,,,,,0,"https://static.www.nfl.com/image/private/f_auto,q_auto/league/cyux3sv3ybrsu0f0jqx0"
1954,SF,OL,OT,0,ACT,Doug Hogland,M.,Hogland,1931-05-08,75,240,Northern Colorado,,,,,,,,,,2,"https://static.www.nfl.com/image/private/f_auto,q_auto/league/sgwtf9qpsysrch9cr9zb"
1954,SF,OL,C,0,ACT,Bill Johnson,William,Johnson,1926-07-14,75,228,Northern Colorado,,,,,,,,,,5,"https://static.www.nfl.com/image/private/f_auto,q_auto/league/gxkeawug6jwpjqpz5efd"
1954,SF,OL,OT,0,ACT,Bob St. Clair,Robert,St. Clair,1931-02-18,81,265,Northern Colorado,,,,,,,,,,2,"https://static.www.nfl.com/image/private/f_auto,q_auto/league/wic82813dwovdmbt745h"
1954,SF,QB,QB,0,ACT,Maury Duncan,Maurice,Duncan,1931-07-18,73,185,Northern Colorado,,,,,,,,,,0,"https://static.www.nfl.com/image/private/f_auto,q_auto/league/kyg795uvsd65hx6mc5xq"
1954,SF,QB,QB,0,ACT,Arnie Galiffa,Arnold,Galiffa,1927-01-29,74,193,Northern Colorado,,,,,,,,,,2,"https://static.www.nfl.com/image/private/f_auto,q_auto/league/vjfycelmc0yh2xaihabi"
1954,SF,QB,QB,0,ACT,Y.A. Tittle,Yelberton,Tittle,1926-10-24,72,192,Northern Colorado,,,,,,,,,,5,"https://static.www.nfl.com/image/private/f_auto,q_auto/league/sfwtbwnaxykkth1v9e0r"
1954,SF,RB,HB,0,ACT,Joe Arenas,Lupe,Arenas,1925-12-12,71,180,Northern Colorado,,,,,,,,,,4,"https://static.www.nfl.com/image/private/f_auto,q_auto/league/kncatpbqwmm6xivnguci"
1954,SF,RB,HB,0,ACT,Hardy Brown,Hardy,Brown,1924-05-08,72,193,Northern Colorado,,,,,,,,,,5,"https://static.www.nfl.com/image/private/f_auto,q_auto/league/g7ejlqoge36t6bw9zu5h"
1954,SF,RB,HB,0,ACT,Jim Cason,James,Cason,1927-07-25,72,171,Northern Colorado,,,,,,,,,,4,"https://static.www.nfl.com/image/private/f_auto,q_auto/league/zgsg39k0b3tn9r3lkelp"
1954,SF,RB,FB,0,ACT,Frank Cassara,Frank,Cassara,1928-03-22,72,215,Northern Colorado,,,,,,,,,,0,"https://static.www.nfl.com/image/private/f_auto,q_auto/league/w0atzjtqbjtlo7ahcxy9"
1954,SF,RB,FB,0,ACT,John Henry Johnson,John,Johnson,1929-11-24,74,230,Northern Colorado,,,,,,,,,,0,"https://static.www.nfl.com/image/private/f_auto,q_auto/league/apzrh7brqimhlwwrooei"
1954,SF,RB,HB,0,ACT,Hugh McElhenny,Hugh,McElhenny,1928-12-31,73,195,Northern Colorado,,,,,,,,,,3,"https://static.www.nfl.com/image/private/f_auto,q_auto/league/yoekjxnmffcmzc9ekyon"
1954,SF,RB,HB,0,ACT,Billy Mixon,Billy,Mixon,1929-05-24,71,191,Northern Colorado,,,,,,,,,,2,"https://static.www.nfl.com/image/private/f_auto,q_auto/league/yuiv3afqustalms2gole"
1954,SF,RB,FB,0,ACT,Joe Perry,Fletcher,Perry,1927-01-22,72,200,Northern Colorado,,,,,,,,,,5,"https://static.www.nfl.com/image/private/f_auto,q_auto/league/tk9q4kqyj4eutydrneal"
1954,SF,RB,HB,0,ACT,Pete Schabarum,Peter,Schabarum,1929-01-09,71,185,Northern Colorado,,,,,,,,,,3,"https://static.www.nfl.com/image/private/f_auto,q_auto/league/acxloaarjmmot397wrx2"
1954,SF,RB,HB,0,ACT,Billy Tidwell,Billy,Tidwell,1930-08-03,69,178,Northern Colorado,,,,,,,,,,1,"https://static.www.nfl.com/image/private/f_auto,q_auto/league/y6a9xkt9ztffc5vlpdno"
1954,SF,WR,WR,0,ACT,Gordie Soltau,Gordon,Soltau,1925-01-25,74,195,Northern Colorado,,,,,,,,,,5,"https://static.www.nfl.com/image/private/f_auto,q_auto/league/spmx4j8oeiavktgnt1gk"
1954,SF,,,0,ACT,Don Burke,Donald,Burke,1926-02-07,72,235,Northern Colorado,,,,,,,,,,5,"https://static.www.nfl.com/image/private/f_auto,q_auto/league/ojprmlttgnjnq4e2pffb"
1954,SF,,,0,ACT,Art Michalik,Arthur,Michalik,1930-01-31,74,230,Northern Colorado,,,,,,,,,,2,"https://static.www.nfl.com/image/private/f_auto,q_auto/league/i35n3xj7yh1ojdijitqv"
1954,WAS,DB,DB,0,ACT,Dick Alban,Richard,Alban,1929-06-17,72,195,Northern Colorado,,,,,,,,,,3,"https://static.www.nfl.com/image/private/f_auto,q_auto/league/nolfdh9ny3dmnrhnxelx"
1954,WAS,DB,DB,0,ACT,Jim Kincaid,James,Kincaid,1930-08-11,71,180,Northern Colorado,,,,,,,,,,0,"https://static.www.nfl.com/image/private/f_auto,q_auto/league/dvxwfipa0g2medwmcpta"
1954,WAS,DB,DB,0,ACT,Don Menasco,Donald,Menasco,1929-10-18,72,185,Northern Colorado,,,,,,,,,,3,"https://static.www.nfl.com/image/private/f_auto,q_auto/league/ubeqwd9mvljvvitd1hv9"
1954,WAS,DB,DB,0,ACT,George Rosso,George,Rosso,1930-01-15,71,177,Northern Colorado,,,,,,,,,,0,"https://static.www.nfl.com/image/private/f_auto,q_auto/league/dgn3bh83vgh7qgmpazwd"
1954,WAS,DB,DB,0,ACT,Joe Scudero,Joseph,Scudero,1930-07-02,70,171,Northern Colorado,,,,,,,,,,0,"https://static.www.nfl.com/image/private/f_auto,q_auto/league/nzb3bijnbbqdvrwzwmto"
1954,WAS,DL,E,0,ACT,Ed Barker,Edward,Barker,1931-05-31,75,196,Northern Colorado,,,,,,,,,,2,"https://static.www.nfl.com/image/private/f_auto,q_auto/league/zsclowa77noih2fbqucg"
1954,WAS,DL,E,0,ACT,Johnny Carson,John,Carson,1930-01-31,75,200,Northern Colorado,,,,,,,,,,0,"https://static.www.nfl.com/image/private/f_auto,q_auto/league/hpq6gqloiwtsb2d01w2u"
1954,WAS,DL,DT,0,ACT,Dick Modzelewski,Richard,Modzelewski,1931-02-16,72,245,Northern Colorado,,,,,,,,,,2,"https://static.www.nfl.com/image/private/f_auto,q_auto/league/cacruku1gzxesqbtyncc"
1954,WAS,DL,DT,0,ACT,Bob Morgan,Robert,Morgan,1930-06-28,72,235,Northern Colorado,,,,,,,,,,0,"https://static.www.nfl.com/image/private/f_auto,q_auto/league/y0bbsalyjvazdzxfjqjb"
1954,WAS,DL,E,0,ACT,Sam Morley,Samuel,Morley,1932-05-12,74,182,Northern Colorado,,,,,,,,,,0,"https://static.www.nfl.com/image/private/f_auto,q_auto/league/nc3x4z5dfejloqcgb47w"
1954,WAS,DL,DE,0,ACT,Chet Ostrowski,Chester,Ostrowski,1930-04-08,73,235,Northern Colorado,,,,,,,,,,0,"https://static.www.nfl.com/image/private/f_auto,q_auto/league/m5fgx3yw26dh6jm9n9p1"
1954,WAS,DL,DT,0,ACT,Volney Peters,Volney,Peters,1928-01-01,76,240,Northern Colorado,,,,,,,,,,3,"https://static.www.nfl.com/image/private/f_auto,q_auto/league/jksqxmxszpqpoluznyhp"
1954,WAS,DL,E,0,ACT,Hugh Taylor,Hugh,Taylor,1923-07-06,76,194,Northern Colorado,,,,,,,,,,8,"https://static.www.nfl.com/image/private/f_auto,q_auto/league/y2shmf1kzymfze2zdiur"
1954,WAS,DL,DE,0,ACT,Joe Tereshinski,Joseph,Tereshinski,1923-12-07,74,215,Northern Colorado,,,,,,,,,,8,"https://static.www.nfl.com/image/private/f_auto,q_auto/league/bqyiy7scbwjxlzv1twhj"
1954,WAS,DL,DE,0,ACT,Walt Yowarsky,Walter,Yowarsky,1928-05-10,74,235,Northern Colorado,,,,,,,,,,2,"https://static.www.nfl.com/image/private/f_auto,q_auto/league/ix6ka3oi6ls1xqwt3muf"
1954,WAS,LB,LB,0,ACT,Nick Adduci,Nicholas,Adduci,1929-07-12,70,204,Northern Colorado,,,,,,,,,,0,"https://static.www.nfl.com/image/private/f_auto,q_auto/league/urpjvgxdffljthyfy1ao"
1954,WAS,LB,LB,0,ACT,Chuck Drazenovich,Charles,Drazenovich,1927-08-07,73,224,Northern Colorado,,,,,,,,,,5,"https://static.www.nfl.com/image/private/f_auto,q_auto/league/cidqy5ekobm5da7zqtid"
1954,WAS,LB,LB,0,ACT,Ralph Felton,Ralph,Felton,1932-05-21,71,210,Northern Colorado,,,,,,,,,,0,"https://static.www.nfl.com/image/private/f_auto,q_auto/league/v8rdqznp3rphapbaeasw"
1954,WAS,OL,OT,0,ACT,Ken Barfield,Kenneth,Barfield,1929-07-19,74,238,Northern Colorado,,,,,,,,,,0,"https://static.www.nfl.com/image/private/f_auto,q_auto/league/keosxintazg9ttkatxnp"
1954,WAS,OL,G,0,ACT,Marv Berschet,Marvin,Berschet,1929-12-28,74,219,Northern Colorado,,,,,,,,,,0,"https://static.www.nfl.com/image/private/f_auto,q_auto/league/uvamdz0kgbwihg7gee8a"
1954,WAS,OL,OT,0,ACT,Don Boll,Donald,Boll,1927-07-16,74,270,Northern Colorado,,,,,,,,,,2,"https://static.www.nfl.com/image/private/f_auto,q_auto/league/adkvza62ngfkawyvdkg5"
1954,WAS,OL,C,0,ACT,Walt Cudzik,Walter,Cudzik,1932-02-21,74,235,Northern Colorado,,,,,,,,,,0,"https://static.www.nfl.com/image/private/f_auto,q_auto/league/giieor2rcba5nnlbf8vo"
1954,WAS,OL,G,0,ACT,Ron Hansen,Ronald,Hansen,1932-02-10,72,220,Northern Colorado,,,,,,,,,,0,"https://static.www.nfl.com/image/private/f_auto,q_auto/league/muuksqcve2zdj9njvs3n"
1954,WAS,OL,OT,0,TRC,Paul Lipscomb,Paul,Lipscomb,1923-01-13,77,246,Northern Colorado,,,,,,,,,,10,"https://static.www.nfl.com/image/private/f_auto,q_auto/league/ymui5e0peemxejotpnbj"
1954,WAS,OL,C,0,ACT,Jim Schrader,James,Schrader,1932-06-27,74,250,Northern Colorado,,,,,,,,,,0,"https://static.www.nfl.com/image/private/f_auto,q_auto/league/us16smixgzs0no64txyr"
1954,WAS,OL,OT,0,ACT,Dave Sparks,David,Sparks,1928-04-28,73,229,Northern Colorado,,,,,,,,,,2,"https://static.www.nfl.com/image/private/f_auto,q_auto/league/ukvmacbp0rofy4ggl4oz"
1954,WAS,OL,C,0,ACT,Harry Ulinski,Harry,Ulinski,1925-04-04,76,228,Northern Colorado,,,,,,,,,,4,"https://static.www.nfl.com/image/private/f_auto,q_auto/league/ksonougk9cylxmpdbfuf"
1954,WAS,OL,G,0,ACT,Slug Witucki,Casimir,Witucki,1928-05-26,71,253,Northern Colorado,,,,,,,,,,4,"https://static.www.nfl.com/image/private/f_auto,q_auto/league/fvbctfh1whwza1wwohzb"
1954,WAS,QB,QB,0,ACT,Al Dorow,Albert,Dorow,1929-11-15,72,195,Northern Colorado,,,,,,,,,,0,"https://static.www.nfl.com/image/private/f_auto,q_auto/league/ytjyqhhnoigm9440ejj0"
1954,WAS,QB,QB,0,ACT,Harry Gilmer,Harry,Gilmer,1926-04-14,72,173,Northern Colorado,,,,,,,,,,6,"https://static.www.nfl.com/image/private/f_auto,q_auto/league/iq3zxz0skdbgeyrstbqf"
1954,WAS,QB,QB,0,ACT,Jack Scarbath,John,Scarbath,1930-08-12,74,208,Northern Colorado,,,,,,,,,,2,"https://static.www.nfl.com/image/private/f_auto,q_auto/league/ai4mebcuzc8nji4skveh"
1954,WAS,RB,FB,0,ACT,Dale Atkeson,Dale,Atkeson,1930-12-24,74,212,Northern Colorado,,,,,,,,,,0,"https://static.www.nfl.com/image/private/f_auto,q_auto/league/qxlbqnuqodhuttoknotk"
1954,WAS,RB,FB,0,ACT,Rob Goode,Robert,Goode,1927-06-05,76,226,Northern Colorado,,,,,,,,,,4,"https://static.www.nfl.com/image/private/f_auto,q_auto/league/gsqamifqhrgwupu7ad2x"
1954,WAS,RB,HB,0,ACT,Vic Janowicz,Victor,Janowicz,1930-02-26,69,184,Northern Colorado,,,,,,,,,,0,"https://static.www.nfl.com/image/private/f_auto,q_auto/league/zrgh7tz1q5lbwitjew6q"
1954,WAS,RB,HB,0,ACT,Charlie Justice,Charles,Justice,1924-05-18,70,176,Northern Colorado,,,,,,,,,,4,"https://static.www.nfl.com/image/private/f_auto,q_auto/league/ay9evajdvij77bg1jttp"
1954,WAS,RB,HB,0,ACT,Billy Wells,William,Wells,1931-12-07,69,180,Northern Colorado,,,,,,,,,,0,"https://static.www.nfl.com/image/private/f_auto,q_auto/league/errypykkr9mbh7g2afzv"
1954,WAS,,,0,ACT,Jim Ricca,James,Ricca,1927-10-08,76,268,Northern Colorado,,,,,,,,,,4,"https://static.www.nfl.com/image/private/f_auto,q_auto/league/koytdj7gkp05ihuc0hto"
